session_id,session_name,replication_idx,condition,generation,within_generation_idx,started_at,time_spend,expired,replaced,ai_player,simulated_subject,advisor,player_score
65b93935af1080e1968868f3,Rep 0 - Gen 0 - w_ai - 0 - AI,0,w_ai,0,0,,0.0,False,False,True,False,,2062
65b93935af1080e1968868f4,Rep 0 - Gen 0 - w_ai - 1 - AI,0,w_ai,0,1,,0.0,False,False,True,False,,2650
65b93935af1080e1968868f5,Rep 0 - Gen 0 - w_ai - 2 - AI,0,w_ai,0,2,,0.0,False,False,True,False,,2212
65b93935af1080e1968868f6,Rep 0 - Gen 0 - None - 3 - Human,0,,0,3,2024-01-30T18:01:46.221000,2.595227,False,False,False,False,,950
65b93935af1080e1968868f7,Rep 0 - Gen 0 - None - 4 - Human,0,,0,4,2024-01-30T18:01:46.226000,2.425672,False,False,False,False,,962
65b93935af1080e1968868f8,Rep 0 - Gen 0 - None - 5 - Human,0,,0,5,2024-01-30T18:01:46.227000,2.637408,False,False,False,False,,887
65b93935af1080e1968868f9,Rep 0 - Gen 0 - None - 6 - Human,0,,0,6,2024-01-30T18:01:46.227000,2.759727,False,False,False,False,,1612
65b93935af1080e1968868fa,Rep 0 - Gen 0 - None - 7 - Human,0,,0,7,2024-01-30T18:01:46.231000,2.824327,False,False,False,False,,650
65b93935af1080e1968868fb,Rep 0 - Gen 0 - wo_ai - 8 - Human,0,wo_ai,0,8,2024-01-30T18:01:46.233000,3.033759,False,False,False,False,,775
65b93935af1080e1968868fc,Rep 0 - Gen 0 - wo_ai - 9 - Human,0,wo_ai,0,9,2024-01-30T18:01:46.260000,2.962215,False,False,False,False,,700
65b93935af1080e1968868fd,Rep 0 - Gen 0 - wo_ai - 10 - Human,0,wo_ai,0,10,2024-01-30T18:01:46.261000,2.407818,False,False,False,False,,1387
65b93935af1080e1968868fe,Rep 0 - Gen 1 - w_ai - 0 - Human,0,w_ai,1,0,2024-01-30T18:01:49.226000,9.219453,False,False,False,False,65b93935af1080e1968868f5,2650
65b93935af1080e1968868ff,Rep 0 - Gen 1 - w_ai - 1 - Human,0,w_ai,1,1,2024-01-30T18:01:49.301000,8.677269,False,False,False,False,65b93935af1080e1968868f9,1600
65b93935af1080e196886900,Rep 0 - Gen 1 - w_ai - 2 - Human,0,w_ai,1,2,2024-01-30T18:01:49.316000,7.537913,False,False,False,False,65b93935af1080e1968868f3,1500
65b93935af1080e196886901,Rep 0 - Gen 1 - w_ai - 3 - Human,0,w_ai,1,3,2024-01-30T18:01:49.145000,7.668081,False,False,False,False,65b93935af1080e1968868f5,2650
65b93935af1080e196886902,Rep 0 - Gen 1 - w_ai - 4 - Human,0,w_ai,1,4,2024-01-30T18:01:49.054000,7.967285,False,False,False,False,65b93935af1080e1968868f5,1775
65b93935af1080e196886903,Rep 0 - Gen 1 - w_ai - 5 - Human,0,w_ai,1,5,2024-01-30T18:01:49.377000,7.439092,False,False,False,False,65b93935af1080e1968868f3,2075
65b93935af1080e196886904,Rep 0 - Gen 1 - w_ai - 6 - Human,0,w_ai,1,6,2024-01-30T18:01:49.383000,6.940744,False,False,False,False,65b93935af1080e1968868f4,2362
65b93935af1080e196886905,Rep 0 - Gen 1 - w_ai - 7 - Human,0,w_ai,1,7,2024-01-30T18:01:49.416000,7.448233,False,False,False,False,65b93935af1080e1968868f4,2650
65b93935af1080e196886906,Rep 0 - Gen 1 - wo_ai - 8 - Human,0,wo_ai,1,8,2024-01-30T18:01:49.423000,8.056125,False,False,False,False,65b93935af1080e1968868f9,1625
65b93935af1080e196886907,Rep 0 - Gen 1 - wo_ai - 9 - Human,0,wo_ai,1,9,2024-01-30T18:01:49.465000,9.080344,False,False,False,False,65b93935af1080e1968868f9,1325
65b93936af1080e196886908,Rep 0 - Gen 1 - wo_ai - 10 - Human,0,wo_ai,1,10,2024-01-30T18:01:49.486000,8.99565,False,False,False,False,65b93935af1080e1968868fd,1775
65b93936af1080e196886909,Rep 0 - Gen 1 - wo_ai - 11 - Human,0,wo_ai,1,11,2024-01-30T18:01:49.509000,7.014437,False,False,False,False,65b93935af1080e1968868f9,1750
65b93936af1080e19688690a,Rep 0 - Gen 1 - wo_ai - 12 - Human,0,wo_ai,1,12,2024-01-30T18:01:49.600000,7.602847,False,False,False,False,65b93935af1080e1968868f9,1400
65b93936af1080e19688690b,Rep 0 - Gen 1 - wo_ai - 13 - Human,0,wo_ai,1,13,2024-01-30T18:01:49.668000,7.830111,False,False,False,False,65b93935af1080e1968868f9,2262
65b93936af1080e19688690c,Rep 0 - Gen 1 - wo_ai - 14 - Human,0,wo_ai,1,14,2024-01-30T18:01:49.677000,6.307554,False,False,False,False,65b93935af1080e1968868f9,887
65b93936af1080e19688690d,Rep 0 - Gen 1 - wo_ai - 15 - Human,0,wo_ai,1,15,2024-01-30T18:01:49.712000,7.657948,False,False,False,False,65b93935af1080e1968868f9,1400
65b93938af1080e19688690e,Rep 0 - Gen 2 - w_ai - 0 - Human,0,w_ai,2,0,2024-01-30T18:01:57.403000,7.872384,False,False,False,False,65b93935af1080e196886901,2600
65b93938af1080e19688690f,Rep 0 - Gen 2 - w_ai - 1 - Human,0,w_ai,2,1,2024-01-30T18:01:58.928000,9.098228,False,False,False,False,65b93935af1080e1968868fe,2650
65b93938af1080e196886910,Rep 0 - Gen 2 - w_ai - 2 - Human,0,w_ai,2,2,2024-01-30T18:01:59.012000,7.901059,False,False,False,False,65b93935af1080e1968868fe,2262
65b93938af1080e196886911,Rep 0 - Gen 2 - w_ai - 3 - Human,0,w_ai,2,3,2024-01-30T18:01:58.290000,9.254263,False,False,False,False,65b93935af1080e196886901,1875
65b93938af1080e196886912,Rep 0 - Gen 2 - w_ai - 4 - Human,0,w_ai,2,4,2024-01-30T18:01:57.413000,10.013392,False,False,False,False,65b93935af1080e196886901,2487
65b93938af1080e196886913,Rep 0 - Gen 2 - w_ai - 5 - Human,0,w_ai,2,5,2024-01-30T18:01:59.218000,8.456213,False,False,False,False,65b93935af1080e196886905,2437
65b93938af1080e196886914,Rep 0 - Gen 2 - w_ai - 6 - Human,0,w_ai,2,6,2024-01-30T18:01:58.373000,8.066996,False,False,False,False,65b93935af1080e196886905,2650
65b93938af1080e196886915,Rep 0 - Gen 2 - w_ai - 7 - Human,0,w_ai,2,7,2024-01-30T18:01:59.253000,7.461836,False,False,False,False,65b93935af1080e196886901,2650
65b93938af1080e196886916,Rep 0 - Gen 2 - wo_ai - 8 - Human,0,wo_ai,2,8,2024-01-30T18:01:59.841000,7.997666,False,False,False,False,65b93936af1080e19688690b,2650
65b93938af1080e196886917,Rep 0 - Gen 2 - wo_ai - 9 - Human,0,wo_ai,2,9,2024-01-30T18:02:06.153000,8.554557,False,False,False,False,65b93936af1080e196886908,1750
65b93938af1080e196886918,Rep 0 - Gen 2 - wo_ai - 10 - Human,0,wo_ai,2,10,2024-01-30T18:02:06.188000,8.118077,False,False,False,False,65b93935af1080e196886906,1600
65b93938af1080e196886919,Rep 0 - Gen 2 - wo_ai - 11 - Human,0,wo_ai,2,11,2024-01-30T18:02:06.203000,7.957034,False,False,False,False,65b93936af1080e196886908,1500
65b93938af1080e19688691a,Rep 0 - Gen 2 - wo_ai - 12 - Human,0,wo_ai,2,12,2024-01-30T18:01:57.669000,7.763435,False,False,False,False,65b93936af1080e19688690b,1425
65b93938af1080e19688691b,Rep 0 - Gen 2 - wo_ai - 13 - Human,0,wo_ai,2,13,2024-01-30T18:02:06.203000,9.25902,False,False,False,False,65b93936af1080e196886908,1750
65b93938af1080e19688691c,Rep 0 - Gen 2 - wo_ai - 14 - Human,0,wo_ai,2,14,2024-01-30T18:02:06.403000,8.871417,False,False,False,False,65b93936af1080e196886908,1500
65b93938af1080e19688691d,Rep 0 - Gen 2 - wo_ai - 15 - Human,0,wo_ai,2,15,2024-01-30T18:02:06.417000,7.554029,False,False,False,False,65b93936af1080e19688690b,2650
65b93939af1080e19688691e,Rep 0 - Gen 3 - w_ai - 0 - Human,0,w_ai,3,0,2024-01-30T18:02:07.998000,8.280196,False,False,False,False,65b93938af1080e196886915,2650
65b93939af1080e19688691f,Rep 0 - Gen 3 - w_ai - 1 - Human,0,w_ai,3,1,2024-01-30T18:02:08.447000,8.83925,False,False,False,False,65b93938af1080e196886914,2375
65b93939af1080e196886920,Rep 0 - Gen 3 - w_ai - 2 - Human,0,w_ai,3,2,2024-01-30T18:02:08.579000,7.12654,False,False,False,False,65b93938af1080e196886914,1825
65b93939af1080e196886921,Rep 0 - Gen 3 - w_ai - 3 - Human,0,w_ai,3,3,2024-01-30T18:02:08.747000,7.997684,False,False,False,False,65b93938af1080e196886915,2575
65b93939af1080e196886922,Rep 0 - Gen 3 - w_ai - 4 - Human,0,w_ai,3,4,2024-01-30T18:02:09.022000,8.734902,False,False,False,False,65b93938af1080e196886914,2650
65b93939af1080e196886923,Rep 0 - Gen 3 - w_ai - 5 - Human,0,w_ai,3,5,2024-01-30T18:02:14.668000,7.074439,False,False,False,False,65b93938af1080e196886914,1112
65b93939af1080e196886924,Rep 0 - Gen 3 - w_ai - 6 - Human,0,w_ai,3,6,2024-01-30T18:02:15.118000,8.086427,False,False,False,False,65b93938af1080e196886914,2650
65b93939af1080e196886925,Rep 0 - Gen 3 - w_ai - 7 - Human,0,w_ai,3,7,2024-01-30T18:02:15.211000,7.006033,False,False,False,False,65b93938af1080e196886915,2650
65b93939af1080e196886926,Rep 0 - Gen 3 - wo_ai - 8 - Human,0,wo_ai,3,8,2024-01-30T18:02:15.992000,7.809947,False,False,False,False,65b93938af1080e19688691d,2187
65b93939af1080e196886927,Rep 0 - Gen 3 - wo_ai - 9 - Human,0,wo_ai,3,9,2024-01-30T18:02:16.181000,8.408068,False,False,False,False,65b93938af1080e196886916,2312
65b93939af1080e196886928,Rep 0 - Gen 3 - wo_ai - 10 - Human,0,wo_ai,3,10,2024-01-30T18:02:16.271000,7.812168,False,False,False,False,65b93938af1080e196886916,2650
65b93939af1080e196886929,Rep 0 - Gen 3 - wo_ai - 11 - Human,0,wo_ai,3,11,2024-01-30T18:02:15.261000,8.061377,False,False,False,False,65b93938af1080e19688691d,2337
65b9393aaf1080e19688692a,Rep 0 - Gen 3 - wo_ai - 12 - Human,0,wo_ai,3,12,2024-01-30T18:02:16.556000,8.295504,False,False,False,False,65b93938af1080e196886916,2237
65b9393aaf1080e19688692b,Rep 0 - Gen 3 - wo_ai - 13 - Human,0,wo_ai,3,13,2024-01-30T18:02:16.619000,11.492018,False,False,False,False,65b93938af1080e19688691d,2487
65b9393aaf1080e19688692c,Rep 0 - Gen 3 - wo_ai - 14 - Human,0,wo_ai,3,14,2024-01-30T18:02:16.635000,8.89382,False,False,False,False,65b93938af1080e196886916,2437
65b9393aaf1080e19688692d,Rep 0 - Gen 3 - wo_ai - 15 - Human,0,wo_ai,3,15,2024-01-30T18:02:16.756000,8.425878,False,False,False,False,65b93938af1080e196886916,2650
65b9393baf1080e19688692e,Rep 0 - Gen 4 - w_ai - 0 - Human,0,w_ai,4,0,2024-01-30T18:02:23.579000,8.708174,False,False,False,False,65b93939af1080e196886924,2650
65b9393baf1080e19688692f,Rep 0 - Gen 4 - w_ai - 1 - Human,0,w_ai,4,1,2024-01-30T18:02:22.517000,9.461197,False,False,False,False,65b93939af1080e196886922,1550
65b9393baf1080e196886930,Rep 0 - Gen 4 - w_ai - 2 - Human,0,w_ai,4,2,2024-01-30T18:02:23.892000,9.130069,False,False,False,False,65b93939af1080e196886925,2650
65b9393baf1080e196886931,Rep 0 - Gen 4 - w_ai - 3 - Human,0,w_ai,4,3,2024-01-30T18:02:24.348000,8.532249,False,False,False,False,65b93939af1080e19688691e,2575
65b9393baf1080e196886932,Rep 0 - Gen 4 - w_ai - 4 - Human,0,w_ai,4,4,2024-01-30T18:02:24.764000,9.680201,False,False,False,False,65b93939af1080e196886924,2387
65b9393baf1080e196886933,Rep 0 - Gen 4 - w_ai - 5 - Human,0,w_ai,4,5,2024-01-30T18:02:24.958000,7.654431,False,False,False,False,65b93939af1080e19688691e,2650
65b9393baf1080e196886934,Rep 0 - Gen 4 - w_ai - 6 - Human,0,w_ai,4,6,2024-01-30T18:02:25.263000,8.019757,False,False,False,False,65b93939af1080e196886924,2062
65b9393baf1080e196886935,Rep 0 - Gen 4 - w_ai - 7 - Human,0,w_ai,4,7,2024-01-30T18:02:25.361000,7.667692,False,False,False,False,65b93939af1080e196886922,1812
65b9393baf1080e196886936,Rep 0 - Gen 4 - wo_ai - 8 - Human,0,wo_ai,4,8,2024-01-30T18:02:28.872000,7.415253,False,False,False,False,65b93939af1080e196886928,2650
65b9393baf1080e196886937,Rep 0 - Gen 4 - wo_ai - 9 - Human,0,wo_ai,4,9,2024-01-30T18:02:25.672000,7.97504,False,False,False,False,65b9393aaf1080e19688692d,2487
65b9393baf1080e196886938,Rep 0 - Gen 4 - wo_ai - 10 - Human,0,wo_ai,4,10,2024-01-30T18:02:33.114000,9.142468,False,False,False,False,65b93939af1080e196886928,2375
65b9393baf1080e196886939,Rep 0 - Gen 4 - wo_ai - 11 - Human,0,wo_ai,4,11,2024-01-30T18:02:33.399000,9.077034,False,False,False,False,65b9393aaf1080e19688692d,1825
65b9393baf1080e19688693a,Rep 0 - Gen 4 - wo_ai - 12 - Human,0,wo_ai,4,12,2024-01-30T18:02:25.673000,8.911669,False,False,False,False,65b9393aaf1080e19688692c,2575
65b9393baf1080e19688693b,Rep 0 - Gen 4 - wo_ai - 13 - Human,0,wo_ai,4,13,2024-01-30T18:02:25.691000,8.269806,False,False,False,False,65b93939af1080e196886928,2650
65b9393baf1080e19688693c,Rep 0 - Gen 4 - wo_ai - 14 - Human,0,wo_ai,4,14,2024-01-30T18:02:26.270000,8.553865,False,False,False,False,65b9393aaf1080e19688692d,1750
65b9393baf1080e19688693d,Rep 0 - Gen 4 - wo_ai - 15 - Human,0,wo_ai,4,15,2024-01-30T18:02:33.507000,8.011305,False,False,False,False,65b93939af1080e196886928,2412
65b9393daf1080e19688693e,Rep 1 - Gen 0 - w_ai - 0 - AI,1,w_ai,0,0,,0.0,False,False,True,False,,2187
65b9393daf1080e19688693f,Rep 1 - Gen 0 - w_ai - 1 - AI,1,w_ai,0,1,,0.0,False,False,True,False,,2650
65b9393daf1080e196886940,Rep 1 - Gen 0 - w_ai - 2 - AI,1,w_ai,0,2,,0.0,False,False,True,False,,2237
65b9393daf1080e196886941,Rep 1 - Gen 0 - None - 3 - Human,1,,0,3,2024-01-30T18:01:46.263000,2.482444,False,False,False,False,,1187
65b9393daf1080e196886942,Rep 1 - Gen 0 - None - 4 - Human,1,,0,4,2024-01-30T18:01:46.264000,2.730976,False,False,False,False,,1112
65b9393daf1080e196886943,Rep 1 - Gen 0 - None - 5 - Human,1,,0,5,2024-01-30T18:01:46.264000,2.859239,False,False,False,False,,875
65b9393daf1080e196886944,Rep 1 - Gen 0 - None - 6 - Human,1,,0,6,2024-01-30T18:01:46.267000,2.375488,False,False,False,False,,812
65b9393daf1080e196886945,Rep 1 - Gen 0 - None - 7 - Human,1,,0,7,2024-01-30T18:01:46.272000,3.405344,False,False,False,False,,962
65b9393daf1080e196886946,Rep 1 - Gen 0 - wo_ai - 8 - Human,1,wo_ai,0,8,2024-01-30T18:01:46.275000,2.98798,False,False,False,False,,1250
65b9393daf1080e196886947,Rep 1 - Gen 0 - wo_ai - 9 - Human,1,wo_ai,0,9,2024-01-30T18:01:46.275000,2.443413,False,False,False,False,,587
65b9393daf1080e196886948,Rep 1 - Gen 0 - wo_ai - 10 - Human,1,wo_ai,0,10,2024-01-30T18:01:46.278000,2.720098,False,False,False,False,,1087
65b9393daf1080e196886949,Rep 1 - Gen 1 - w_ai - 0 - Human,1,w_ai,1,0,2024-01-30T18:01:49.963000,7.936329,False,False,False,False,65b9393daf1080e196886940,2412
65b9393daf1080e19688694a,Rep 1 - Gen 1 - w_ai - 1 - Human,1,w_ai,1,1,2024-01-30T18:01:49.970000,7.728353,False,False,False,False,65b9393daf1080e196886941,1400
65b9393daf1080e19688694b,Rep 1 - Gen 1 - w_ai - 2 - Human,1,w_ai,1,2,2024-01-30T18:01:50.281000,7.278465,False,False,False,False,65b9393daf1080e19688693e,2412
65b9393daf1080e19688694c,Rep 1 - Gen 1 - w_ai - 3 - Human,1,w_ai,1,3,2024-01-30T18:01:49.737000,7.868332,False,False,False,False,65b9393daf1080e196886940,2412
65b9393daf1080e19688694d,Rep 1 - Gen 1 - w_ai - 4 - Human,1,w_ai,1,4,2024-01-30T18:01:56.551000,8.75495,False,False,False,False,65b9393daf1080e196886940,2187
65b9393daf1080e19688694e,Rep 1 - Gen 1 - w_ai - 5 - Human,1,w_ai,1,5,2024-01-30T18:01:57.514000,8.026195,False,False,False,False,65b9393daf1080e19688693e,2600
65b9393daf1080e19688694f,Rep 1 - Gen 1 - w_ai - 6 - Human,1,w_ai,1,6,2024-01-30T18:01:57.560000,8.063163,False,False,False,False,65b9393daf1080e19688693f,2650
65b9393daf1080e196886950,Rep 1 - Gen 1 - w_ai - 7 - Human,1,w_ai,1,7,2024-01-30T18:01:57.602000,7.751143,False,False,False,False,65b9393daf1080e19688693f,2262
65b9393daf1080e196886951,Rep 1 - Gen 1 - wo_ai - 8 - Human,1,wo_ai,1,8,2024-01-30T18:01:57.839000,8.804036,False,False,False,False,65b9393daf1080e196886946,1225
65b9393daf1080e196886952,Rep 1 - Gen 1 - wo_ai - 9 - Human,1,wo_ai,1,9,2024-01-30T18:01:57.915000,7.605338,False,False,False,False,65b9393daf1080e196886941,2362
65b9393daf1080e196886953,Rep 1 - Gen 1 - wo_ai - 10 - Human,1,wo_ai,1,10,2024-01-30T18:01:58.067000,7.451432,False,False,False,False,65b9393daf1080e196886946,1750
65b9393daf1080e196886954,Rep 1 - Gen 1 - wo_ai - 11 - Human,1,wo_ai,1,11,2024-01-30T18:01:58.379000,7.829768,False,False,False,False,65b9393daf1080e196886946,1575
65b9393daf1080e196886955,Rep 1 - Gen 1 - wo_ai - 12 - Human,1,wo_ai,1,12,2024-01-30T18:01:58.438000,8.170464,False,False,False,False,65b9393daf1080e196886948,1650
65b9393daf1080e196886956,Rep 1 - Gen 1 - wo_ai - 13 - Human,1,wo_ai,1,13,2024-01-30T18:01:58.583000,8.451732,False,False,False,False,65b9393daf1080e196886941,1825
65b9393daf1080e196886957,Rep 1 - Gen 1 - wo_ai - 14 - Human,1,wo_ai,1,14,2024-01-30T18:02:06.433000,7.909746,False,False,False,False,65b9393daf1080e196886946,1750
65b9393daf1080e196886958,Rep 1 - Gen 1 - wo_ai - 15 - Human,1,wo_ai,1,15,2024-01-30T18:02:06.484000,8.1958,False,False,False,False,65b9393daf1080e196886946,1600
65b9393faf1080e196886959,Rep 1 - Gen 2 - w_ai - 0 - Human,1,w_ai,2,0,2024-01-30T18:02:07.261000,9.280109,False,False,False,False,65b9393daf1080e19688694e,2650
65b9393faf1080e19688695a,Rep 1 - Gen 2 - w_ai - 1 - Human,1,w_ai,2,1,2024-01-30T18:02:07.322000,9.128586,False,False,False,False,65b9393daf1080e19688694f,2437
65b9393faf1080e19688695b,Rep 1 - Gen 2 - w_ai - 2 - Human,1,w_ai,2,2,2024-01-30T18:02:07.391000,9.282145,False,False,False,False,65b9393daf1080e19688694f,1900
65b9393faf1080e19688695c,Rep 1 - Gen 2 - w_ai - 3 - Human,1,w_ai,2,3,2024-01-30T18:02:07.460000,8.298149,False,False,False,False,65b9393daf1080e19688694f,2075
65b9393faf1080e19688695d,Rep 1 - Gen 2 - w_ai - 4 - Human,1,w_ai,2,4,2024-01-30T18:02:07.513000,7.465341,False,False,False,False,65b9393daf1080e19688694f,2650
65b9393faf1080e19688695e,Rep 1 - Gen 2 - w_ai - 5 - Human,1,w_ai,2,5,2024-01-30T18:02:07.576000,8.21957,False,False,False,False,65b9393daf1080e19688694f,2650
65b9393faf1080e19688695f,Rep 1 - Gen 2 - w_ai - 6 - Human,1,w_ai,2,6,2024-01-30T18:02:07.821000,7.994535,False,False,False,False,65b9393daf1080e19688694f,2137
65b9393faf1080e196886960,Rep 1 - Gen 2 - w_ai - 7 - Human,1,w_ai,2,7,2024-01-30T18:02:15.360000,8.558646,False,False,False,False,65b9393daf1080e19688694f,1825
65b9393faf1080e196886961,Rep 1 - Gen 2 - wo_ai - 8 - Human,1,wo_ai,2,8,2024-01-30T18:02:15.371000,9.419447,False,False,False,False,65b9393daf1080e196886956,1775
65b9393faf1080e196886962,Rep 1 - Gen 2 - wo_ai - 9 - Human,1,wo_ai,2,9,2024-01-30T18:02:17.013000,7.832378,False,False,False,False,65b9393daf1080e196886957,1462
65b9393faf1080e196886963,Rep 1 - Gen 2 - wo_ai - 10 - Human,1,wo_ai,2,10,2024-01-30T18:02:17.105000,8.590033,False,False,False,False,65b9393daf1080e196886952,1750
65b93940af1080e196886964,Rep 1 - Gen 2 - wo_ai - 11 - Human,1,wo_ai,2,11,2024-01-30T18:02:17.173000,7.222937,False,False,False,False,65b9393daf1080e196886953,1575
65b93940af1080e196886965,Rep 1 - Gen 2 - wo_ai - 12 - Human,1,wo_ai,2,12,2024-01-30T18:02:17.401000,8.584237,False,False,False,False,65b9393daf1080e196886956,2650
65b93940af1080e196886966,Rep 1 - Gen 2 - wo_ai - 13 - Human,1,wo_ai,2,13,2024-01-30T18:02:17.916000,8.769887,False,False,False,False,65b9393daf1080e196886952,1350
65b93940af1080e196886967,Rep 1 - Gen 2 - wo_ai - 14 - Human,1,wo_ai,2,14,2024-01-30T18:02:18.215000,7.736041,False,False,False,False,65b9393daf1080e196886952,2600
65b93940af1080e196886968,Rep 1 - Gen 2 - wo_ai - 15 - Human,1,wo_ai,2,15,2024-01-30T18:02:18.321000,7.606504,False,False,False,False,65b9393daf1080e196886952,2650
65b93941af1080e196886969,Rep 1 - Gen 3 - w_ai - 0 - Human,1,w_ai,3,0,2024-01-30T18:02:25.449000,8.895869,False,False,False,False,65b9393faf1080e19688695e,2262
65b93941af1080e19688696a,Rep 1 - Gen 3 - w_ai - 1 - Human,1,w_ai,3,1,2024-01-30T18:02:26.354000,8.234228,False,False,False,False,65b9393faf1080e19688695e,2237
65b93941af1080e19688696b,Rep 1 - Gen 3 - w_ai - 2 - Human,1,w_ai,3,2,2024-01-30T18:02:26.512000,6.600054,False,False,False,False,65b9393faf1080e19688695d,2487
65b93941af1080e19688696c,Rep 1 - Gen 3 - w_ai - 3 - Human,1,w_ai,3,3,2024-01-30T18:02:26.536000,8.454577,False,False,False,False,65b9393faf1080e19688695d,2437
65b93941af1080e19688696d,Rep 1 - Gen 3 - w_ai - 4 - Human,1,w_ai,3,4,2024-01-30T18:02:26.700000,9.3702,False,False,False,False,65b9393faf1080e196886959,2650
65b93941af1080e19688696e,Rep 1 - Gen 3 - w_ai - 5 - Human,1,w_ai,3,5,2024-01-30T18:02:26.851000,8.892364,False,False,False,False,65b9393faf1080e196886959,2487
65b93941af1080e19688696f,Rep 1 - Gen 3 - w_ai - 6 - Human,1,w_ai,3,6,2024-01-30T18:02:28.086000,9.557265,False,False,False,False,65b9393faf1080e19688695d,2650
65b93941af1080e196886970,Rep 1 - Gen 3 - w_ai - 7 - Human,1,w_ai,3,7,2024-01-30T18:02:33.613000,7.807401,False,False,False,False,65b9393faf1080e19688695d,2462
65b93941af1080e196886971,Rep 1 - Gen 3 - wo_ai - 8 - Human,1,wo_ai,3,8,2024-01-30T18:02:33.734000,9.285814,False,False,False,False,65b93940af1080e196886968,2575
65b93941af1080e196886972,Rep 1 - Gen 3 - wo_ai - 9 - Human,1,wo_ai,3,9,2024-01-30T18:02:33.787000,7.540366,False,False,False,False,65b93940af1080e196886965,2650
65b93941af1080e196886973,Rep 1 - Gen 3 - wo_ai - 10 - Human,1,wo_ai,3,10,2024-01-30T18:02:33.979000,8.790963,False,False,False,False,65b93940af1080e196886965,2650
65b93941af1080e196886974,Rep 1 - Gen 3 - wo_ai - 11 - Human,1,wo_ai,3,11,2024-01-30T18:02:34.230000,9.027582,False,False,False,False,65b93940af1080e196886965,2062
65b93941af1080e196886975,Rep 1 - Gen 3 - wo_ai - 12 - Human,1,wo_ai,3,12,2024-01-30T18:02:34.528000,9.407425,False,False,False,False,65b93940af1080e196886965,2250
65b93941af1080e196886976,Rep 1 - Gen 3 - wo_ai - 13 - Human,1,wo_ai,3,13,2024-01-30T18:02:34.650000,8.005731,False,False,False,False,65b93940af1080e196886968,2362
65b93941af1080e196886977,Rep 1 - Gen 3 - wo_ai - 14 - Human,1,wo_ai,3,14,2024-01-30T18:02:35.095000,7.321877,False,False,False,False,65b93940af1080e196886968,1350
65b93941af1080e196886978,Rep 1 - Gen 3 - wo_ai - 15 - Human,1,wo_ai,3,15,2024-01-30T18:02:35.186000,8.425346,False,False,False,False,65b93940af1080e196886965,2375
65b93942af1080e196886979,Rep 1 - Gen 4 - w_ai - 0 - Human,1,w_ai,4,0,2024-01-30T18:02:38.271000,8.814993,False,False,False,False,65b93941af1080e19688696f,1825
65b93943af1080e19688697a,Rep 1 - Gen 4 - w_ai - 1 - Human,1,w_ai,4,1,2024-01-30T18:02:37.450000,8.334921,False,False,False,False,65b93941af1080e19688696d,2575
65b93943af1080e19688697b,Rep 1 - Gen 4 - w_ai - 2 - Human,1,w_ai,4,2,2024-01-30T18:02:42.359000,9.208214,False,False,False,False,65b93941af1080e19688696d,2650
65b93943af1080e19688697c,Rep 1 - Gen 4 - w_ai - 3 - Human,1,w_ai,4,3,2024-01-30T18:02:35.950000,7.823995,False,False,False,False,65b93941af1080e19688696e,1750
65b93943af1080e19688697d,Rep 1 - Gen 4 - w_ai - 4 - Human,1,w_ai,4,4,2024-01-30T18:02:42.556000,8.984162,False,False,False,False,65b93941af1080e19688696f,2650
65b93943af1080e19688697e,Rep 1 - Gen 4 - w_ai - 5 - Human,1,w_ai,4,5,2024-01-30T18:02:38.286000,7.908779,False,False,False,False,65b93941af1080e19688696f,2650
65b93943af1080e19688697f,Rep 1 - Gen 4 - w_ai - 6 - Human,1,w_ai,4,6,2024-01-30T18:02:38.638000,7.585356,False,False,False,False,65b93941af1080e19688696f,2187
65b93943af1080e196886980,Rep 1 - Gen 4 - w_ai - 7 - Human,1,w_ai,4,7,2024-01-30T18:02:42.833000,8.474215,False,False,False,False,65b93941af1080e19688696d,2312
65b93943af1080e196886981,Rep 1 - Gen 4 - wo_ai - 8 - Human,1,wo_ai,4,8,2024-01-30T18:02:43.802000,10.097277,False,False,False,False,65b93941af1080e196886973,2137
65b93943af1080e196886982,Rep 1 - Gen 4 - wo_ai - 9 - Human,1,wo_ai,4,9,2024-01-30T18:02:44.647000,7.636105,False,False,False,False,65b93941af1080e196886972,2262
65b93943af1080e196886983,Rep 1 - Gen 4 - wo_ai - 10 - Human,1,wo_ai,4,10,2024-01-30T18:02:43.589000,8.774693,False,False,False,False,65b93941af1080e196886972,837
65b93943af1080e196886984,Rep 1 - Gen 4 - wo_ai - 11 - Human,1,wo_ai,4,11,2024-01-30T18:02:44.185000,9.191555,False,False,False,False,65b93941af1080e196886972,2200
65b93943af1080e196886985,Rep 1 - Gen 4 - wo_ai - 12 - Human,1,wo_ai,4,12,2024-01-30T18:02:45.087000,8.405698,False,False,False,False,65b93941af1080e196886972,2437
65b93943af1080e196886986,Rep 1 - Gen 4 - wo_ai - 13 - Human,1,wo_ai,4,13,2024-01-30T18:02:45.812000,9.566091,False,False,False,False,65b93941af1080e196886973,2650
65b93943af1080e196886987,Rep 1 - Gen 4 - wo_ai - 14 - Human,1,wo_ai,4,14,2024-01-30T18:02:46.710000,8.417003,False,False,False,False,65b93941af1080e196886971,2650
65b93943af1080e196886988,Rep 1 - Gen 4 - wo_ai - 15 - Human,1,wo_ai,4,15,2024-01-30T18:02:46.822000,8.3836,False,False,False,False,65b93941af1080e196886973,2650
65b93944af1080e196886989,Rep 2 - Gen 0 - w_ai - 0 - AI,2,w_ai,0,0,,0.0,False,False,True,False,,2575
65b93944af1080e19688698a,Rep 2 - Gen 0 - w_ai - 1 - AI,2,w_ai,0,1,,0.0,False,False,True,False,,2650
65b93944af1080e19688698b,Rep 2 - Gen 0 - w_ai - 2 - AI,2,w_ai,0,2,,0.0,False,False,True,False,,2150
65b93944af1080e19688698c,Rep 2 - Gen 0 - None - 3 - Human,2,,0,3,2024-01-30T18:01:46.301000,2.6864,False,False,False,False,,787
65b93944af1080e19688698d,Rep 2 - Gen 0 - None - 4 - Human,2,,0,4,2024-01-30T18:01:46.328000,2.956238,False,False,False,False,,1012
65b93944af1080e19688698e,Rep 2 - Gen 0 - None - 5 - Human,2,,0,5,2024-01-30T18:01:46.397000,2.634345,False,False,False,False,,1187
65b93944af1080e19688698f,Rep 2 - Gen 0 - None - 6 - Human,2,,0,6,2024-01-30T18:01:46.406000,2.898107,False,False,False,False,,975
65b93944af1080e196886990,Rep 2 - Gen 0 - None - 7 - Human,2,,0,7,2024-01-30T18:02:35.219000,2.554808,False,False,False,False,,1012
65b93944af1080e196886991,Rep 2 - Gen 0 - wo_ai - 8 - Human,2,wo_ai,0,8,2024-01-30T18:02:35.554000,2.574975,False,False,False,False,,987
65b93944af1080e196886992,Rep 2 - Gen 0 - wo_ai - 9 - Human,2,wo_ai,0,9,2024-01-30T18:02:35.832000,2.401563,False,False,False,False,,787
65b93944af1080e196886993,Rep 2 - Gen 0 - wo_ai - 10 - Human,2,wo_ai,0,10,2024-01-30T18:02:36.318000,2.871078,False,False,False,False,,1125
65b93944af1080e196886994,Rep 2 - Gen 1 - w_ai - 0 - Human,2,w_ai,1,0,2024-01-30T18:02:39.192000,8.591043,False,False,False,False,65b93944af1080e196886989,1575
65b93944af1080e196886995,Rep 2 - Gen 1 - w_ai - 1 - Human,2,w_ai,1,1,2024-01-30T18:02:39.524000,7.160619,False,False,False,False,65b93944af1080e19688698e,1650
65b93945af1080e196886996,Rep 2 - Gen 1 - w_ai - 2 - Human,2,w_ai,1,2,2024-01-30T18:02:42.834000,8.431685,False,False,False,False,65b93944af1080e196886989,2462
65b93945af1080e196886997,Rep 2 - Gen 1 - w_ai - 3 - Human,2,w_ai,1,3,2024-01-30T18:02:37.461000,7.727058,False,False,False,False,65b93944af1080e196886989,2650
65b93945af1080e196886998,Rep 2 - Gen 1 - w_ai - 4 - Human,2,w_ai,1,4,2024-01-30T18:02:43.169000,8.552384,False,False,False,False,65b93944af1080e196886989,2575
65b93945af1080e196886999,Rep 2 - Gen 1 - w_ai - 5 - Human,2,w_ai,1,5,2024-01-30T18:02:43.217000,9.058649,False,False,False,False,65b93944af1080e196886989,2650
65b93945af1080e19688699a,Rep 2 - Gen 1 - w_ai - 6 - Human,2,w_ai,1,6,2024-01-30T18:02:43.312000,9.126593,False,False,False,False,65b93944af1080e19688698a,2650
65b93945af1080e19688699b,Rep 2 - Gen 1 - w_ai - 7 - Human,2,w_ai,1,7,2024-01-30T18:02:44.326000,8.144789,False,False,False,False,65b93944af1080e19688698a,2062
65b93945af1080e19688699c,Rep 2 - Gen 1 - wo_ai - 8 - Human,2,wo_ai,1,8,2024-01-30T18:02:47.077000,9.628618,False,False,False,False,65b93944af1080e196886993,1500
65b93945af1080e19688699d,Rep 2 - Gen 1 - wo_ai - 9 - Human,2,wo_ai,1,9,2024-01-30T18:02:47.798000,9.746607,False,False,False,False,65b93944af1080e196886993,1400
65b93945af1080e19688699e,Rep 2 - Gen 1 - wo_ai - 10 - Human,2,wo_ai,1,10,2024-01-30T18:02:47.857000,8.421337,False,False,False,False,65b93944af1080e19688698e,787
65b93945af1080e19688699f,Rep 2 - Gen 1 - wo_ai - 11 - Human,2,wo_ai,1,11,2024-01-30T18:02:48.529000,7.78519,False,False,False,False,65b93944af1080e196886993,1625
65b93945af1080e1968869a0,Rep 2 - Gen 1 - wo_ai - 12 - Human,2,wo_ai,1,12,2024-01-30T18:02:51.875000,9.815335,False,False,False,False,65b93944af1080e19688698e,1325
65b93945af1080e1968869a1,Rep 2 - Gen 1 - wo_ai - 13 - Human,2,wo_ai,1,13,2024-01-30T18:02:52.244000,10.539192,False,False,False,False,65b93944af1080e196886990,1775
65b93945af1080e1968869a2,Rep 2 - Gen 1 - wo_ai - 14 - Human,2,wo_ai,1,14,2024-01-30T18:02:52.633000,9.17168,False,False,False,False,65b93944af1080e19688698e,1750
65b93945af1080e1968869a3,Rep 2 - Gen 1 - wo_ai - 15 - Human,2,wo_ai,1,15,2024-01-30T18:02:52.857000,9.524489,False,False,False,False,65b93944af1080e196886990,1400
65b93947af1080e1968869a4,Rep 2 - Gen 2 - w_ai - 0 - Human,2,w_ai,2,0,2024-01-30T18:02:52.871000,9.364728,False,False,False,False,65b93945af1080e196886997,2262
65b93947af1080e1968869a5,Rep 2 - Gen 2 - w_ai - 1 - Human,2,w_ai,2,1,2024-01-30T18:02:52.889000,10.445039,False,False,False,False,65b93945af1080e196886997,2650
65b93947af1080e1968869a6,Rep 2 - Gen 2 - w_ai - 2 - Human,2,w_ai,2,2,2024-01-30T18:02:52.889000,7.742522,False,False,False,False,65b93945af1080e19688699a,1350
65b93947af1080e1968869a7,Rep 2 - Gen 2 - w_ai - 3 - Human,2,w_ai,2,3,2024-01-30T18:02:52.963000,7.317672,False,False,False,False,65b93945af1080e196886997,2600
65b93947af1080e1968869a8,Rep 2 - Gen 2 - w_ai - 4 - Human,2,w_ai,2,4,2024-01-30T18:02:53.260000,8.669113,False,False,False,False,65b93945af1080e196886999,2237
65b93947af1080e1968869a9,Rep 2 - Gen 2 - w_ai - 5 - Human,2,w_ai,2,5,2024-01-30T18:02:53.350000,7.905602,False,False,False,False,65b93945af1080e196886999,1275
65b93947af1080e1968869aa,Rep 2 - Gen 2 - w_ai - 6 - Human,2,w_ai,2,6,2024-01-30T18:02:54.054000,7.766401,False,False,False,False,65b93945af1080e19688699a,2237
65b93947af1080e1968869ab,Rep 2 - Gen 2 - w_ai - 7 - Human,2,w_ai,2,7,2024-01-30T18:02:54.217000,8.840256,False,False,False,False,65b93945af1080e196886997,2487
65b93947af1080e1968869ac,Rep 2 - Gen 2 - wo_ai - 8 - Human,2,wo_ai,2,8,2024-01-30T18:03:06.812000,8.445094,False,False,False,False,65b93945af1080e1968869a1,1750
65b93947af1080e1968869ad,Rep 2 - Gen 2 - wo_ai - 9 - Human,2,wo_ai,2,9,2024-01-30T18:03:02.589000,8.356583,False,False,False,False,65b93945af1080e1968869a2,1575
65b93947af1080e1968869ae,Rep 2 - Gen 2 - wo_ai - 10 - Human,2,wo_ai,2,10,2024-01-30T18:03:02.835000,7.371646,False,False,False,False,65b93945af1080e1968869a2,1425
65b93947af1080e1968869af,Rep 2 - Gen 2 - wo_ai - 11 - Human,2,wo_ai,2,11,2024-01-30T18:03:03.188000,10.062478,False,False,False,False,65b93945af1080e1968869a2,1825
65b93947af1080e1968869b0,Rep 2 - Gen 2 - wo_ai - 12 - Human,2,wo_ai,2,12,2024-01-30T18:03:08.664000,9.818603,False,False,False,False,65b93945af1080e1968869a1,1562
65b93947af1080e1968869b1,Rep 2 - Gen 2 - wo_ai - 13 - Human,2,wo_ai,2,13,2024-01-30T18:03:03.399000,6.95994,False,False,False,False,65b93945af1080e19688699f,1600
65b93947af1080e1968869b2,Rep 2 - Gen 2 - wo_ai - 14 - Human,2,wo_ai,2,14,2024-01-30T18:03:03.865000,9.38258,False,False,False,False,65b93945af1080e19688699c,1175
65b93947af1080e1968869b3,Rep 2 - Gen 2 - wo_ai - 15 - Human,2,wo_ai,2,15,2024-01-30T18:03:09.098000,9.955689,False,False,False,False,65b93945af1080e1968869a1,1825
65b93949af1080e1968869b4,Rep 2 - Gen 3 - w_ai - 0 - Human,2,w_ai,3,0,2024-01-30T18:03:04.195000,8.541141,False,False,False,False,65b93947af1080e1968869a7,1900
65b93949af1080e1968869b5,Rep 2 - Gen 3 - w_ai - 1 - Human,2,w_ai,3,1,2024-01-30T18:03:02.529000,9.350304,False,False,False,False,65b93947af1080e1968869a7,1825
65b93949af1080e1968869b6,Rep 2 - Gen 3 - w_ai - 2 - Human,2,w_ai,3,2,2024-01-30T18:03:09.971000,7.978061,False,False,False,False,65b93947af1080e1968869a5,2362
65b93949af1080e1968869b7,Rep 2 - Gen 3 - w_ai - 3 - Human,2,w_ai,3,3,2024-01-30T18:03:10.222000,8.455144,False,False,False,False,65b93947af1080e1968869a5,2650
65b93949af1080e1968869b8,Rep 2 - Gen 3 - w_ai - 4 - Human,2,w_ai,3,4,2024-01-30T18:03:10.360000,8.04995,False,False,False,False,65b93947af1080e1968869a5,1400
65b93949af1080e1968869b9,Rep 2 - Gen 3 - w_ai - 5 - Human,2,w_ai,3,5,2024-01-30T18:03:10.437000,8.133654,False,False,False,False,65b93947af1080e1968869a5,1825
65b93949af1080e1968869ba,Rep 2 - Gen 3 - w_ai - 6 - Human,2,w_ai,3,6,2024-01-30T18:03:10.725000,9.845448,False,False,False,False,65b93947af1080e1968869a5,2575
65b93949af1080e1968869bb,Rep 2 - Gen 3 - w_ai - 7 - Human,2,w_ai,3,7,2024-01-30T18:03:10.930000,8.434248,False,False,False,False,65b93947af1080e1968869a7,2412
65b93949af1080e1968869bc,Rep 2 - Gen 3 - wo_ai - 8 - Human,2,wo_ai,3,8,2024-01-30T18:03:19.202000,7.482882,False,False,False,False,65b93947af1080e1968869b3,1400
65b93949af1080e1968869bd,Rep 2 - Gen 3 - wo_ai - 9 - Human,2,wo_ai,3,9,2024-01-30T18:03:19.092000,8.891628,False,False,False,False,65b93947af1080e1968869ac,1575
65b93949af1080e1968869be,Rep 2 - Gen 3 - wo_ai - 10 - Human,2,wo_ai,3,10,2024-01-30T18:03:19.298000,9.392582,False,False,False,False,65b93947af1080e1968869ac,1675
65b93949af1080e1968869bf,Rep 2 - Gen 3 - wo_ai - 11 - Human,2,wo_ai,3,11,2024-01-30T18:03:19.449000,9.389175,False,False,False,False,65b93947af1080e1968869af,1400
65b93949af1080e1968869c0,Rep 2 - Gen 3 - wo_ai - 12 - Human,2,wo_ai,3,12,2024-01-30T18:03:19.554000,7.91468,False,False,False,False,65b93947af1080e1968869b3,1512
65b93949af1080e1968869c1,Rep 2 - Gen 3 - wo_ai - 13 - Human,2,wo_ai,3,13,2024-01-30T18:03:19.601000,7.797089,False,False,False,False,65b93947af1080e1968869b3,1262
65b93949af1080e1968869c2,Rep 2 - Gen 3 - wo_ai - 14 - Human,2,wo_ai,3,14,2024-01-30T18:03:20.058000,8.237341,False,False,False,False,65b93947af1080e1968869b3,1275
65b93949af1080e1968869c3,Rep 2 - Gen 3 - wo_ai - 15 - Human,2,wo_ai,3,15,2024-01-30T18:03:20.196000,8.575251,False,False,False,False,65b93947af1080e1968869af,1225
65b9394aaf1080e1968869c4,Rep 2 - Gen 4 - w_ai - 0 - Human,2,w_ai,4,0,2024-01-30T18:03:20.778000,8.736941,False,False,False,False,65b93949af1080e1968869b7,2487
65b9394aaf1080e1968869c5,Rep 2 - Gen 4 - w_ai - 1 - Human,2,w_ai,4,1,2024-01-30T18:03:20.380000,10.777984,False,False,False,False,65b93949af1080e1968869b7,2437
65b9394aaf1080e1968869c6,Rep 2 - Gen 4 - w_ai - 2 - Human,2,w_ai,4,2,2024-01-30T18:03:21.223000,6.937188,False,False,False,False,65b93949af1080e1968869ba,1575
65b9394aaf1080e1968869c7,Rep 2 - Gen 4 - w_ai - 3 - Human,2,w_ai,4,3,2024-01-30T18:03:21.830000,7.042173,False,False,False,False,65b93949af1080e1968869b7,2650
65b9394aaf1080e1968869c8,Rep 2 - Gen 4 - w_ai - 4 - Human,2,w_ai,4,4,2024-01-30T18:03:21.882000,8.066067,False,False,False,False,65b93949af1080e1968869b7,2487
65b9394aaf1080e1968869c9,Rep 2 - Gen 4 - w_ai - 5 - Human,2,w_ai,4,5,2024-01-30T18:03:21.924000,8.662508,False,False,False,False,65b93949af1080e1968869b7,2650
65b9394aaf1080e1968869ca,Rep 2 - Gen 4 - w_ai - 6 - Human,2,w_ai,4,6,2024-01-30T18:03:22.366000,8.710512,False,False,False,False,65b93949af1080e1968869ba,1100
65b9394aaf1080e1968869cb,Rep 2 - Gen 4 - w_ai - 7 - Human,2,w_ai,4,7,2024-01-30T18:03:23.161000,8.635002,False,False,False,False,65b93949af1080e1968869ba,2650
65b9394aaf1080e1968869cc,Rep 2 - Gen 4 - wo_ai - 8 - Human,2,wo_ai,4,8,2024-01-30T18:03:29.123000,8.298734,False,False,False,False,65b93949af1080e1968869be,1825
65b9394aaf1080e1968869cd,Rep 2 - Gen 4 - wo_ai - 9 - Human,2,wo_ai,4,9,2024-01-30T18:03:29.235000,8.916058,False,False,False,False,65b93949af1080e1968869bd,1750
65b9394baf1080e1968869ce,Rep 2 - Gen 4 - wo_ai - 10 - Human,2,wo_ai,4,10,2024-01-30T18:03:29.363000,9.906092,False,False,False,False,65b93949af1080e1968869be,1225
65b9394baf1080e1968869cf,Rep 2 - Gen 4 - wo_ai - 11 - Human,2,wo_ai,4,11,2024-01-30T18:03:29.379000,8.531393,False,False,False,False,65b93949af1080e1968869be,1400
65b9394baf1080e1968869d0,Rep 2 - Gen 4 - wo_ai - 12 - Human,2,wo_ai,4,12,2024-01-30T18:03:29.436000,8.267968,False,False,False,False,65b93949af1080e1968869bd,1500
65b9394baf1080e1968869d1,Rep 2 - Gen 4 - wo_ai - 13 - Human,2,wo_ai,4,13,2024-01-30T18:03:29.613000,8.383367,False,False,False,False,65b93949af1080e1968869be,1625
65b9394baf1080e1968869d2,Rep 2 - Gen 4 - wo_ai - 14 - Human,2,wo_ai,4,14,2024-01-30T18:03:30.105000,9.096473,False,False,False,False,65b93949af1080e1968869c0,1325
65b9394baf1080e1968869d3,Rep 2 - Gen 4 - wo_ai - 15 - Human,2,wo_ai,4,15,2024-01-30T18:03:30.543000,8.025101,False,False,False,False,65b93949af1080e1968869be,1775
65b9394caf1080e1968869d4,Rep 3 - Gen 0 - w_ai - 0 - AI,3,w_ai,0,0,,0.0,False,False,True,False,,1750
65b9394caf1080e1968869d5,Rep 3 - Gen 0 - w_ai - 1 - AI,3,w_ai,0,1,,0.0,False,False,True,False,,2650
65b9394caf1080e1968869d6,Rep 3 - Gen 0 - w_ai - 2 - AI,3,w_ai,0,2,,0.0,False,False,True,False,,2600
65b9394caf1080e1968869d7,Rep 3 - Gen 0 - None - 3 - Human,3,,0,3,2024-01-30T18:02:54.504000,2.924179,False,False,False,False,,675
65b9394caf1080e1968869d8,Rep 3 - Gen 0 - None - 4 - Human,3,,0,4,2024-01-30T18:02:55.825000,2.610296,False,False,False,False,,1675
65b9394caf1080e1968869d9,Rep 3 - Gen 0 - None - 5 - Human,3,,0,5,2024-01-30T18:02:56.236000,2.689078,False,False,False,False,,550
65b9394caf1080e1968869da,Rep 3 - Gen 0 - None - 6 - Human,3,,0,6,2024-01-30T18:02:56.578000,3.951621,False,False,False,False,,1587
65b9394caf1080e1968869db,Rep 3 - Gen 0 - None - 7 - Human,3,,0,7,2024-01-30T18:02:57.260000,3.544871,False,False,False,False,,1250
65b9394caf1080e1968869dc,Rep 3 - Gen 0 - wo_ai - 8 - Human,3,wo_ai,0,8,2024-01-30T18:02:57.374000,2.8759,False,False,False,False,,1512
65b9394caf1080e1968869dd,Rep 3 - Gen 0 - wo_ai - 9 - Human,3,wo_ai,0,9,2024-01-30T18:02:57.453000,3.606749,False,False,False,False,,1125
65b9394caf1080e1968869de,Rep 3 - Gen 0 - wo_ai - 10 - Human,3,wo_ai,0,10,2024-01-30T18:02:58.093000,2.752796,False,False,False,False,,1087
65b9394caf1080e1968869df,Rep 3 - Gen 1 - w_ai - 0 - Human,3,w_ai,1,0,2024-01-30T18:03:01.208000,9.727381,False,False,False,False,65b9394caf1080e1968869d6,2375
65b9394caf1080e1968869e0,Rep 3 - Gen 1 - w_ai - 1 - Human,3,w_ai,1,1,2024-01-30T18:03:01.307000,7.837885,False,False,False,False,65b9394caf1080e1968869d8,1325
65b9394caf1080e1968869e1,Rep 3 - Gen 1 - w_ai - 2 - Human,3,w_ai,1,2,2024-01-30T18:03:01.320000,7.75447,False,False,False,False,65b9394caf1080e1968869d4,2575
65b9394caf1080e1968869e2,Rep 3 - Gen 1 - w_ai - 3 - Human,3,w_ai,1,3,2024-01-30T18:03:00.748000,7.674566,False,False,False,False,65b9394caf1080e1968869d6,2650
65b9394caf1080e1968869e3,Rep 3 - Gen 1 - w_ai - 4 - Human,3,w_ai,1,4,2024-01-30T18:02:59.933000,8.153711,False,False,False,False,65b9394caf1080e1968869d6,1750
65b9394caf1080e1968869e4,Rep 3 - Gen 1 - w_ai - 5 - Human,3,w_ai,1,5,2024-01-30T18:03:01.374000,8.055596,False,False,False,False,65b9394caf1080e1968869d4,2650
65b9394caf1080e1968869e5,Rep 3 - Gen 1 - w_ai - 6 - Human,3,w_ai,1,6,2024-01-30T18:03:00.838000,9.420681,False,False,False,False,65b9394caf1080e1968869d5,2650
65b9394daf1080e1968869e6,Rep 3 - Gen 1 - w_ai - 7 - Human,3,w_ai,1,7,2024-01-30T18:03:01.445000,8.311444,False,False,False,False,65b9394caf1080e1968869d5,2187
65b9394daf1080e1968869e7,Rep 3 - Gen 1 - wo_ai - 8 - Human,3,wo_ai,1,8,2024-01-30T18:03:01.898000,8.093066,False,False,False,False,65b9394caf1080e1968869d8,1425
65b9394daf1080e1968869e8,Rep 3 - Gen 1 - wo_ai - 9 - Human,3,wo_ai,1,9,2024-01-30T18:03:02.040000,8.669367,False,False,False,False,65b9394caf1080e1968869da,1300
65b9394daf1080e1968869e9,Rep 3 - Gen 1 - wo_ai - 10 - Human,3,wo_ai,1,10,2024-01-30T18:03:02.252000,8.207736,False,False,False,False,65b9394caf1080e1968869dc,1275
65b9394daf1080e1968869ea,Rep 3 - Gen 1 - wo_ai - 11 - Human,3,wo_ai,1,11,2024-01-30T18:03:02.376000,9.437768,False,False,False,False,65b9394caf1080e1968869da,1175
65b9394daf1080e1968869eb,Rep 3 - Gen 1 - wo_ai - 12 - Human,3,wo_ai,1,12,2024-01-30T18:03:11.224000,7.645236,False,False,False,False,65b9394caf1080e1968869da,1675
65b9394daf1080e1968869ec,Rep 3 - Gen 1 - wo_ai - 13 - Human,3,wo_ai,1,13,2024-01-30T18:03:11.518000,8.510872,False,False,False,False,65b9394caf1080e1968869d8,925
65b9394daf1080e1968869ed,Rep 3 - Gen 1 - wo_ai - 14 - Human,3,wo_ai,1,14,2024-01-30T18:03:11.564000,7.21151,False,False,False,False,65b9394caf1080e1968869d8,1575
65b9394daf1080e1968869ee,Rep 3 - Gen 1 - wo_ai - 15 - Human,3,wo_ai,1,15,2024-01-30T18:03:11.677000,9.309214,False,False,False,False,65b9394caf1080e1968869da,1650
65b9394faf1080e1968869ef,Rep 3 - Gen 2 - w_ai - 0 - Human,3,w_ai,2,0,2024-01-30T18:03:11.707000,9.176734,False,False,False,False,65b9394caf1080e1968869e2,2650
65b9394faf1080e1968869f0,Rep 3 - Gen 2 - w_ai - 1 - Human,3,w_ai,2,1,2024-01-30T18:03:11.947000,9.2962,False,False,False,False,65b9394caf1080e1968869e2,2650
65b9394faf1080e1968869f1,Rep 3 - Gen 2 - w_ai - 2 - Human,3,w_ai,2,2,2024-01-30T18:03:12.987000,8.804668,False,False,False,False,65b9394caf1080e1968869e5,2575
65b9394faf1080e1968869f2,Rep 3 - Gen 2 - w_ai - 3 - Human,3,w_ai,2,3,2024-01-30T18:03:13.321000,8.852067,False,False,False,False,65b9394caf1080e1968869e2,2650
65b9394faf1080e1968869f3,Rep 3 - Gen 2 - w_ai - 4 - Human,3,w_ai,2,4,2024-01-30T18:03:13.766000,8.428522,False,False,False,False,65b9394caf1080e1968869e4,2650
65b9394faf1080e1968869f4,Rep 3 - Gen 2 - w_ai - 5 - Human,3,w_ai,2,5,2024-01-30T18:03:14.163000,7.294664,False,False,False,False,65b9394caf1080e1968869e4,1850
65b9394faf1080e1968869f5,Rep 3 - Gen 2 - w_ai - 6 - Human,3,w_ai,2,6,2024-01-30T18:03:14.211000,9.520922,False,False,False,False,65b9394caf1080e1968869e5,2075
65b9394faf1080e1968869f6,Rep 3 - Gen 2 - w_ai - 7 - Human,3,w_ai,2,7,2024-01-30T18:03:16.221000,7.675976,False,False,False,False,65b9394caf1080e1968869e2,2650
65b9394faf1080e1968869f7,Rep 3 - Gen 2 - wo_ai - 8 - Human,3,wo_ai,2,8,2024-01-30T18:03:23.299000,8.812498,False,False,False,False,65b9394daf1080e1968869eb,1500
65b9394faf1080e1968869f8,Rep 3 - Gen 2 - wo_ai - 9 - Human,3,wo_ai,2,9,2024-01-30T18:03:23.526000,9.039024,False,False,False,False,65b9394daf1080e1968869eb,1275
65b9394faf1080e1968869f9,Rep 3 - Gen 2 - wo_ai - 10 - Human,3,wo_ai,2,10,2024-01-30T18:03:24.829000,8.949391,False,False,False,False,65b9394daf1080e1968869eb,1325
65b9394faf1080e1968869fa,Rep 3 - Gen 2 - wo_ai - 11 - Human,3,wo_ai,2,11,2024-01-30T18:03:24.907000,8.234602,False,False,False,False,65b9394daf1080e1968869eb,1650
65b9394faf1080e1968869fb,Rep 3 - Gen 2 - wo_ai - 12 - Human,3,wo_ai,2,12,2024-01-30T18:03:27.556000,9.168509,False,False,False,False,65b9394daf1080e1968869eb,1750
65b9394faf1080e1968869fc,Rep 3 - Gen 2 - wo_ai - 13 - Human,3,wo_ai,2,13,2024-01-30T18:03:28.135000,8.666569,False,False,False,False,65b9394daf1080e1968869ee,1400
65b9394faf1080e1968869fd,Rep 3 - Gen 2 - wo_ai - 14 - Human,3,wo_ai,2,14,2024-01-30T18:03:28.171000,8.734449,False,False,False,False,65b9394daf1080e1968869eb,1575
65b9394faf1080e1968869fe,Rep 3 - Gen 2 - wo_ai - 15 - Human,3,wo_ai,2,15,2024-01-30T18:03:30.672000,8.398661,False,False,False,False,65b9394daf1080e1968869eb,1362
65b93951af1080e1968869ff,Rep 3 - Gen 3 - w_ai - 0 - Human,3,w_ai,3,0,2024-01-30T18:03:31.446000,9.275477,False,False,False,False,65b9394faf1080e1968869f6,2187
65b93951af1080e196886a00,Rep 3 - Gen 3 - w_ai - 1 - Human,3,w_ai,3,1,2024-01-30T18:03:31.920000,10.317465,False,False,False,False,65b9394faf1080e1968869f2,2600
65b93951af1080e196886a01,Rep 3 - Gen 3 - w_ai - 2 - Human,3,w_ai,3,2,2024-01-30T18:03:32.008000,8.415296,False,False,False,False,65b9394faf1080e1968869f3,2650
65b93951af1080e196886a02,Rep 3 - Gen 3 - w_ai - 3 - Human,3,w_ai,3,3,2024-01-30T18:03:32.662000,7.888345,False,False,False,False,65b9394faf1080e1968869f3,2262
65b93951af1080e196886a03,Rep 3 - Gen 3 - w_ai - 4 - Human,3,w_ai,3,4,2024-01-30T18:03:32.703000,8.021513,False,False,False,False,65b9394faf1080e1968869f6,2000
65b93951af1080e196886a04,Rep 3 - Gen 3 - w_ai - 5 - Human,3,w_ai,3,5,2024-01-30T18:03:33.756000,8.114646,False,False,False,False,65b9394faf1080e1968869f0,2487
65b93951af1080e196886a05,Rep 3 - Gen 3 - w_ai - 6 - Human,3,w_ai,3,6,2024-01-30T18:03:33.756000,8.999641,False,False,False,False,65b9394faf1080e1968869f3,2437
65b93951af1080e196886a06,Rep 3 - Gen 3 - w_ai - 7 - Human,3,w_ai,3,7,2024-01-30T18:03:34.580000,8.678036,False,False,False,False,65b9394faf1080e1968869f2,2487
65b93951af1080e196886a07,Rep 3 - Gen 3 - wo_ai - 8 - Human,3,wo_ai,3,8,2024-01-30T18:03:39.384000,7.787631,False,False,False,False,65b9394faf1080e1968869fa,1650
65b93951af1080e196886a08,Rep 3 - Gen 3 - wo_ai - 9 - Human,3,wo_ai,3,9,2024-01-30T18:03:37.497000,7.997376,False,False,False,False,65b9394faf1080e1968869fb,1825
65b93951af1080e196886a09,Rep 3 - Gen 3 - wo_ai - 10 - Human,3,wo_ai,3,10,2024-01-30T18:03:37.581000,8.805148,False,False,False,False,65b9394faf1080e1968869fb,1262
65b93951af1080e196886a0a,Rep 3 - Gen 3 - wo_ai - 11 - Human,3,wo_ai,3,11,2024-01-30T18:03:39.858000,8.278742,False,False,False,False,65b9394faf1080e1968869fb,1600
65b93951af1080e196886a0b,Rep 3 - Gen 3 - wo_ai - 12 - Human,3,wo_ai,3,12,2024-01-30T18:03:39.866000,7.88438,False,False,False,False,65b9394faf1080e1968869fb,1500
65b93951af1080e196886a0c,Rep 3 - Gen 3 - wo_ai - 13 - Human,3,wo_ai,3,13,2024-01-30T18:03:40.084000,8.234689,False,False,False,False,65b9394faf1080e1968869fb,1825
65b93951af1080e196886a0d,Rep 3 - Gen 3 - wo_ai - 14 - Human,3,wo_ai,3,14,2024-01-30T18:03:41.015000,8.955062,False,False,False,False,65b9394faf1080e1968869fd,1750
65b93951af1080e196886a0e,Rep 3 - Gen 3 - wo_ai - 15 - Human,3,wo_ai,3,15,2024-01-30T18:03:37.674000,8.495748,False,False,False,False,65b9394faf1080e1968869fb,1337
65b93952af1080e196886a0f,Rep 3 - Gen 4 - w_ai - 0 - Human,3,w_ai,4,0,2024-01-30T18:03:43.148000,8.627857,False,False,False,False,65b93951af1080e196886a01,2650
65b93952af1080e196886a10,Rep 3 - Gen 4 - w_ai - 1 - Human,3,w_ai,4,1,2024-01-30T18:03:42.199000,8.10079,False,False,False,False,65b93951af1080e196886a01,2650
65b93952af1080e196886a11,Rep 3 - Gen 4 - w_ai - 2 - Human,3,w_ai,4,2,2024-01-30T18:03:43.509000,8.197728,False,False,False,False,65b93951af1080e196886a01,2375
65b93952af1080e196886a12,Rep 3 - Gen 4 - w_ai - 3 - Human,3,w_ai,4,3,2024-01-30T18:03:42.523000,11.23232,False,False,False,False,65b93951af1080e196886a01,1825
65b93952af1080e196886a13,Rep 3 - Gen 4 - w_ai - 4 - Human,3,w_ai,4,4,2024-01-30T18:03:43.722000,8.633343,False,False,False,False,65b93951af1080e196886a01,2575
65b93952af1080e196886a14,Rep 3 - Gen 4 - w_ai - 5 - Human,3,w_ai,4,5,2024-01-30T18:03:43.416000,8.496967,False,False,False,False,65b93951af1080e196886a04,2650
65b93953af1080e196886a15,Rep 3 - Gen 4 - w_ai - 6 - Human,3,w_ai,4,6,2024-01-30T18:03:44.024000,8.13633,False,False,False,False,65b93951af1080e196886a01,1750
65b93953af1080e196886a16,Rep 3 - Gen 4 - w_ai - 7 - Human,3,w_ai,4,7,2024-01-30T18:03:44.598000,8.979656,False,False,False,False,65b93951af1080e196886a01,2650
65b93953af1080e196886a17,Rep 3 - Gen 4 - wo_ai - 8 - Human,3,wo_ai,4,8,2024-01-30T18:03:50.741000,9.801432,False,False,False,False,65b93951af1080e196886a0c,1675
65b93953af1080e196886a18,Rep 3 - Gen 4 - wo_ai - 9 - Human,3,wo_ai,4,9,2024-01-30T18:03:50.805000,8.757603,False,False,False,False,65b93951af1080e196886a08,1400
65b93953af1080e196886a19,Rep 3 - Gen 4 - wo_ai - 10 - Human,3,wo_ai,4,10,2024-01-30T18:03:48.883000,9.027596,False,False,False,False,65b93951af1080e196886a08,1750
65b93953af1080e196886a1a,Rep 3 - Gen 4 - wo_ai - 11 - Human,3,wo_ai,4,11,2024-01-30T18:03:51.669000,7.57066,False,False,False,False,65b93951af1080e196886a08,1300
65b93953af1080e196886a1b,Rep 3 - Gen 4 - wo_ai - 12 - Human,3,wo_ai,4,12,2024-01-30T18:03:52.354000,7.241334,False,False,False,False,65b93951af1080e196886a08,1275
65b93953af1080e196886a1c,Rep 3 - Gen 4 - wo_ai - 13 - Human,3,wo_ai,4,13,2024-01-30T18:03:52.520000,7.931508,False,False,False,False,65b93951af1080e196886a0d,1225
65b93953af1080e196886a1d,Rep 3 - Gen 4 - wo_ai - 14 - Human,3,wo_ai,4,14,2024-01-30T18:03:52.532000,7.703209,False,False,False,False,65b93951af1080e196886a0d,1350
65b93953af1080e196886a1e,Rep 3 - Gen 4 - wo_ai - 15 - Human,3,wo_ai,4,15,2024-01-30T18:03:52.890000,8.763788,False,False,False,False,65b93951af1080e196886a0c,1750
65b93954af1080e196886a1f,Rep 4 - Gen 0 - w_ai - 0 - AI,4,w_ai,0,0,,0.0,False,False,True,False,,2650
65b93954af1080e196886a20,Rep 4 - Gen 0 - w_ai - 1 - AI,4,w_ai,0,1,,0.0,False,False,True,False,,2650
65b93954af1080e196886a21,Rep 4 - Gen 0 - w_ai - 2 - AI,4,w_ai,0,2,,0.0,False,False,True,False,,2650
65b93954af1080e196886a22,Rep 4 - Gen 0 - None - 3 - Human,4,,0,3,2024-01-30T18:02:58.165000,2.856033,False,False,False,False,,1312
65b93954af1080e196886a23,Rep 4 - Gen 0 - None - 4 - Human,4,,0,4,2024-01-30T18:02:58.809000,3.391192,False,False,False,False,,712
65b93954af1080e196886a24,Rep 4 - Gen 0 - None - 5 - Human,4,,0,5,2024-01-30T18:03:38.304000,2.927295,False,False,False,False,,587
65b93954af1080e196886a25,Rep 4 - Gen 0 - None - 6 - Human,4,,0,6,2024-01-30T18:03:38.828000,4.207318,False,False,False,False,,1500
65b93954af1080e196886a26,Rep 4 - Gen 0 - None - 7 - Human,4,,0,7,2024-01-30T18:03:38.864000,2.421139,False,False,False,False,,675
65b93954af1080e196886a27,Rep 4 - Gen 0 - wo_ai - 8 - Human,4,wo_ai,0,8,2024-01-30T18:03:39.015000,3.762881,False,False,False,False,,887
65b93954af1080e196886a28,Rep 4 - Gen 0 - wo_ai - 9 - Human,4,wo_ai,0,9,2024-01-30T18:03:39.060000,2.451964,False,False,False,False,,987
65b93954af1080e196886a29,Rep 4 - Gen 0 - wo_ai - 10 - Human,4,wo_ai,0,10,2024-01-30T18:03:41.446000,2.682735,False,False,False,False,,1137
65b93954af1080e196886a2a,Rep 4 - Gen 1 - w_ai - 0 - Human,4,w_ai,1,0,2024-01-30T18:03:41.728000,8.099598,False,False,False,False,65b93954af1080e196886a21,2237
65b93954af1080e196886a2b,Rep 4 - Gen 1 - w_ai - 1 - Human,4,w_ai,1,1,2024-01-30T18:03:46.081000,12.254367,False,False,False,False,65b93954af1080e196886a25,1375
65b93954af1080e196886a2c,Rep 4 - Gen 1 - w_ai - 2 - Human,4,w_ai,1,2,2024-01-30T18:03:46.140000,7.993763,False,False,False,False,65b93954af1080e196886a1f,2437
65b93954af1080e196886a2d,Rep 4 - Gen 1 - w_ai - 3 - Human,4,w_ai,1,3,2024-01-30T18:03:46.156000,8.959871,False,False,False,False,65b93954af1080e196886a1f,2650
65b93955af1080e196886a2e,Rep 4 - Gen 1 - w_ai - 4 - Human,4,w_ai,1,4,2024-01-30T18:03:41.935000,7.047871,False,False,False,False,65b93954af1080e196886a1f,2650
65b93955af1080e196886a2f,Rep 4 - Gen 1 - w_ai - 5 - Human,4,w_ai,1,5,2024-01-30T18:03:46.759000,7.177613,False,False,False,False,65b93954af1080e196886a1f,2487
65b93955af1080e196886a30,Rep 4 - Gen 1 - w_ai - 6 - Human,4,w_ai,1,6,2024-01-30T18:03:47.080000,8.644655,False,False,False,False,65b93954af1080e196886a20,2650
65b93955af1080e196886a31,Rep 4 - Gen 1 - w_ai - 7 - Human,4,w_ai,1,7,2024-01-30T18:03:47.755000,8.734968,False,False,False,False,65b93954af1080e196886a20,2575
65b93955af1080e196886a32,Rep 4 - Gen 1 - wo_ai - 8 - Human,4,wo_ai,1,8,2024-01-30T18:03:48.390000,8.646679,False,False,False,False,65b93954af1080e196886a25,1500
65b93955af1080e196886a33,Rep 4 - Gen 1 - wo_ai - 9 - Human,4,wo_ai,1,9,2024-01-30T18:03:49.200000,8.2391,False,False,False,False,65b93954af1080e196886a25,1825
65b93955af1080e196886a34,Rep 4 - Gen 1 - wo_ai - 10 - Human,4,wo_ai,1,10,2024-01-30T18:03:49.730000,9.556056,False,False,False,False,65b93954af1080e196886a22,1750
65b93955af1080e196886a35,Rep 4 - Gen 1 - wo_ai - 11 - Human,4,wo_ai,1,11,2024-01-30T18:03:52.995000,8.741581,False,False,False,False,65b93954af1080e196886a25,1500
65b93955af1080e196886a36,Rep 4 - Gen 1 - wo_ai - 12 - Human,4,wo_ai,1,12,2024-01-30T18:03:54.274000,8.31719,False,False,False,False,65b93954af1080e196886a25,1275
65b93955af1080e196886a37,Rep 4 - Gen 1 - wo_ai - 13 - Human,4,wo_ai,1,13,2024-01-30T18:03:54.688000,8.442489,False,False,False,False,65b93954af1080e196886a25,1500
65b93955af1080e196886a38,Rep 4 - Gen 1 - wo_ai - 14 - Human,4,wo_ai,1,14,2024-01-30T18:03:55.048000,8.744176,False,False,False,False,65b93954af1080e196886a25,1625
65b93955af1080e196886a39,Rep 4 - Gen 1 - wo_ai - 15 - Human,4,wo_ai,1,15,2024-01-30T18:03:55.495000,8.791586,False,False,False,False,65b93954af1080e196886a25,1325
65b93957af1080e196886a3a,Rep 4 - Gen 2 - w_ai - 0 - Human,4,w_ai,2,0,2024-01-30T18:03:56.874000,9.982881,False,False,False,False,65b93955af1080e196886a2e,2575
65b93957af1080e196886a3b,Rep 4 - Gen 2 - w_ai - 1 - Human,4,w_ai,2,1,2024-01-30T18:03:57.152000,9.073257,False,False,False,False,65b93954af1080e196886a2d,2650
65b93957af1080e196886a3c,Rep 4 - Gen 2 - w_ai - 2 - Human,4,w_ai,2,2,2024-01-30T18:03:59.060000,8.453771,False,False,False,False,65b93955af1080e196886a2e,1800
65b93957af1080e196886a3d,Rep 4 - Gen 2 - w_ai - 3 - Human,4,w_ai,2,3,2024-01-30T18:03:59.279000,8.846564,False,False,False,False,65b93954af1080e196886a2d,2650
65b93957af1080e196886a3e,Rep 4 - Gen 2 - w_ai - 4 - Human,4,w_ai,2,4,2024-01-30T18:03:56.155000,7.984512,False,False,False,False,65b93955af1080e196886a30,2650
65b93957af1080e196886a3f,Rep 4 - Gen 2 - w_ai - 5 - Human,4,w_ai,2,5,2024-01-30T18:03:57.750000,9.029072,False,False,False,False,65b93955af1080e196886a2e,2187
65b93957af1080e196886a40,Rep 4 - Gen 2 - w_ai - 6 - Human,4,w_ai,2,6,2024-01-30T18:03:59.992000,7.411671,False,False,False,False,65b93955af1080e196886a30,2600
65b93957af1080e196886a41,Rep 4 - Gen 2 - w_ai - 7 - Human,4,w_ai,2,7,2024-01-30T18:03:58.426000,8.322368,False,False,False,False,65b93954af1080e196886a2d,2650
65b93957af1080e196886a42,Rep 4 - Gen 2 - wo_ai - 8 - Human,4,wo_ai,2,8,2024-01-30T18:04:04.626000,9.241191,False,False,False,False,65b93955af1080e196886a34,1275
65b93957af1080e196886a43,Rep 4 - Gen 2 - wo_ai - 9 - Human,4,wo_ai,2,9,2024-01-30T18:04:04.689000,8.440798,False,False,False,False,65b93955af1080e196886a34,1225
65b93957af1080e196886a44,Rep 4 - Gen 2 - wo_ai - 10 - Human,4,wo_ai,2,10,2024-01-30T18:04:04.892000,7.574256,False,False,False,False,65b93955af1080e196886a33,1100
65b93957af1080e196886a45,Rep 4 - Gen 2 - wo_ai - 11 - Human,4,wo_ai,2,11,2024-01-30T18:04:04.965000,9.558249,False,False,False,False,65b93955af1080e196886a34,1750
65b93957af1080e196886a46,Rep 4 - Gen 2 - wo_ai - 12 - Human,4,wo_ai,2,12,2024-01-30T18:04:05.082000,8.212738,False,False,False,False,65b93955af1080e196886a38,1575
65b93957af1080e196886a47,Rep 4 - Gen 2 - wo_ai - 13 - Human,4,wo_ai,2,13,2024-01-30T18:04:06.078000,7.694497,False,False,False,False,65b93955af1080e196886a33,1650
65b93957af1080e196886a48,Rep 4 - Gen 2 - wo_ai - 14 - Human,4,wo_ai,2,14,2024-01-30T18:04:06.855000,8.842727,False,False,False,False,65b93955af1080e196886a33,1825
65b93957af1080e196886a49,Rep 4 - Gen 2 - wo_ai - 15 - Human,4,wo_ai,2,15,2024-01-30T18:04:03.798000,8.767295,False,False,False,False,65b93955af1080e196886a33,1750
65b93958af1080e196886a4a,Rep 4 - Gen 3 - w_ai - 0 - Human,4,w_ai,3,0,2024-01-30T18:04:08.727000,8.381806,False,False,False,False,65b93957af1080e196886a41,2575
65b93958af1080e196886a4b,Rep 4 - Gen 3 - w_ai - 1 - Human,4,w_ai,3,1,2024-01-30T18:04:09.477000,8.793353,False,False,False,False,65b93957af1080e196886a3d,2650
65b93958af1080e196886a4c,Rep 4 - Gen 3 - w_ai - 2 - Human,4,w_ai,3,2,2024-01-30T18:04:11.473000,7.403948,False,False,False,False,65b93957af1080e196886a3e,2650
65b93958af1080e196886a4d,Rep 4 - Gen 3 - w_ai - 3 - Human,4,w_ai,3,3,2024-01-30T18:04:07.673000,11.536595,False,False,False,False,65b93957af1080e196886a3e,2062
65b93958af1080e196886a4e,Rep 4 - Gen 3 - w_ai - 4 - Human,4,w_ai,3,4,2024-01-30T18:04:07.589000,7.976271,False,False,False,False,65b93957af1080e196886a41,2075
65b93958af1080e196886a4f,Rep 4 - Gen 3 - w_ai - 5 - Human,4,w_ai,3,5,2024-01-30T18:04:11.635000,7.168366,False,False,False,False,65b93957af1080e196886a3b,2650
65b93959af1080e196886a50,Rep 4 - Gen 3 - w_ai - 6 - Human,4,w_ai,3,6,2024-01-30T18:04:11.721000,9.151678,False,False,False,False,65b93957af1080e196886a3e,2650
65b93959af1080e196886a51,Rep 4 - Gen 3 - w_ai - 7 - Human,4,w_ai,3,7,2024-01-30T18:04:12.985000,9.315952,False,False,False,False,65b93957af1080e196886a3d,2375
65b93959af1080e196886a52,Rep 4 - Gen 3 - wo_ai - 8 - Human,4,wo_ai,3,8,2024-01-30T18:04:16.627000,8.909762,False,False,False,False,65b93957af1080e196886a48,1325
65b93959af1080e196886a53,Rep 4 - Gen 3 - wo_ai - 9 - Human,4,wo_ai,3,9,2024-01-30T18:04:16.655000,9.147254,False,False,False,False,65b93957af1080e196886a48,1775
65b93959af1080e196886a54,Rep 4 - Gen 3 - wo_ai - 10 - Human,4,wo_ai,3,10,2024-01-30T18:04:17.093000,8.628774,False,False,False,False,65b93957af1080e196886a48,2650
65b93959af1080e196886a55,Rep 4 - Gen 3 - wo_ai - 11 - Human,4,wo_ai,3,11,2024-01-30T18:04:14.675000,8.293656,False,False,False,False,65b93957af1080e196886a45,987
65b93959af1080e196886a56,Rep 4 - Gen 3 - wo_ai - 12 - Human,4,wo_ai,3,12,2024-01-30T18:04:17.281000,10.382659,False,False,False,False,65b93957af1080e196886a48,1575
65b93959af1080e196886a57,Rep 4 - Gen 3 - wo_ai - 13 - Human,4,wo_ai,3,13,2024-01-30T18:04:14.571000,8.04503,False,False,False,False,65b93957af1080e196886a49,1550
65b93959af1080e196886a58,Rep 4 - Gen 3 - wo_ai - 14 - Human,4,wo_ai,3,14,2024-01-30T18:04:18.155000,8.710467,False,False,False,False,65b93957af1080e196886a48,1400
65b93959af1080e196886a59,Rep 4 - Gen 3 - wo_ai - 15 - Human,4,wo_ai,3,15,2024-01-30T18:04:19.748000,8.605691,False,False,False,False,65b93957af1080e196886a48,1412
65b9395aaf1080e196886a5a,Rep 4 - Gen 4 - w_ai - 0 - Human,4,w_ai,4,0,2024-01-30T18:04:21.919000,9.397708,False,False,False,False,65b93959af1080e196886a50,2650
65b9395aaf1080e196886a5b,Rep 4 - Gen 4 - w_ai - 1 - Human,4,w_ai,4,1,2024-01-30T18:04:19.794000,9.504252,False,False,False,False,65b93958af1080e196886a4f,2262
65b9395aaf1080e196886a5c,Rep 4 - Gen 4 - w_ai - 2 - Human,4,w_ai,4,2,2024-01-30T18:04:22.437000,10.150319,False,False,False,False,65b93958af1080e196886a4c,2237
65b9395aaf1080e196886a5d,Rep 4 - Gen 4 - w_ai - 3 - Human,4,w_ai,4,3,2024-01-30T18:04:19.972000,9.411139,False,False,False,False,65b93958af1080e196886a4f,2362
65b9395aaf1080e196886a5e,Rep 4 - Gen 4 - w_ai - 4 - Human,4,w_ai,4,4,2024-01-30T18:04:22.646000,8.379085,False,False,False,False,65b93959af1080e196886a50,2437
65b9395aaf1080e196886a5f,Rep 4 - Gen 4 - w_ai - 5 - Human,4,w_ai,4,5,2024-01-30T18:04:22.928000,7.060395,False,False,False,False,65b93958af1080e196886a4f,2650
65b9395aaf1080e196886a60,Rep 4 - Gen 4 - w_ai - 6 - Human,4,w_ai,4,6,2024-01-30T18:04:23.217000,7.511425,False,False,False,False,65b93958af1080e196886a4c,862
65b9395aaf1080e196886a61,Rep 4 - Gen 4 - w_ai - 7 - Human,4,w_ai,4,7,2024-01-30T18:04:23.232000,7.745652,False,False,False,False,65b93959af1080e196886a50,2650
65b9395aaf1080e196886a62,Rep 4 - Gen 4 - wo_ai - 8 - Human,4,wo_ai,4,8,2024-01-30T18:04:28.891000,8.536084,False,False,False,False,65b93959af1080e196886a54,2650
65b9395aaf1080e196886a63,Rep 4 - Gen 4 - wo_ai - 9 - Human,4,wo_ai,4,9,2024-01-30T18:04:28.972000,8.560422,False,False,False,False,65b93959af1080e196886a53,1600
65b9395aaf1080e196886a64,Rep 4 - Gen 4 - wo_ai - 10 - Human,4,wo_ai,4,10,2024-01-30T18:04:26.539000,7.537444,False,False,False,False,65b93959af1080e196886a54,2650
65b9395aaf1080e196886a65,Rep 4 - Gen 4 - wo_ai - 11 - Human,4,wo_ai,4,11,2024-01-30T18:04:29.526000,8.850501,False,False,False,False,65b93959af1080e196886a54,2487
65b9395aaf1080e196886a66,Rep 4 - Gen 4 - wo_ai - 12 - Human,4,wo_ai,4,12,2024-01-30T18:04:30.098000,9.633724,False,False,False,False,65b93959af1080e196886a53,1750
65b9395aaf1080e196886a67,Rep 4 - Gen 4 - wo_ai - 13 - Human,4,wo_ai,4,13,2024-01-30T18:04:30.406000,8.511307,False,False,False,False,65b93959af1080e196886a54,2075
65b9395aaf1080e196886a68,Rep 4 - Gen 4 - wo_ai - 14 - Human,4,wo_ai,4,14,2024-01-30T18:04:30.905000,9.219671,False,False,False,False,65b93959af1080e196886a56,1250
65b9395aaf1080e196886a69,Rep 4 - Gen 4 - wo_ai - 15 - Human,4,wo_ai,4,15,2024-01-30T18:04:31.488000,8.318112,False,False,False,False,65b93959af1080e196886a54,2650
65b9395caf1080e196886a6a,Rep 5 - Gen 0 - w_ai - 0 - AI,5,w_ai,0,0,,0.0,False,False,True,False,,1825
65b9395caf1080e196886a6b,Rep 5 - Gen 0 - w_ai - 1 - AI,5,w_ai,0,1,,0.0,False,False,True,False,,2650
65b9395caf1080e196886a6c,Rep 5 - Gen 0 - w_ai - 2 - AI,5,w_ai,0,2,,0.0,False,False,True,False,,2650
65b9395caf1080e196886a6d,Rep 5 - Gen 0 - None - 3 - Human,5,,0,3,2024-01-30T18:03:42.712000,2.731602,False,False,False,False,,1200
65b9395caf1080e196886a6e,Rep 5 - Gen 0 - None - 4 - Human,5,,0,4,2024-01-30T18:03:42.812000,2.728808,False,False,False,False,,837
65b9395caf1080e196886a6f,Rep 5 - Gen 0 - None - 5 - Human,5,,0,5,2024-01-30T18:04:00.248000,2.40325,False,False,False,False,,1137
65b9395caf1080e196886a70,Rep 5 - Gen 0 - None - 6 - Human,5,,0,6,2024-01-30T18:04:00.331000,2.238327,False,False,False,False,,1387
65b9395caf1080e196886a71,Rep 5 - Gen 0 - None - 7 - Human,5,,0,7,2024-01-30T18:04:00.692000,2.444536,False,False,False,False,,2650
65b9395caf1080e196886a72,Rep 5 - Gen 0 - wo_ai - 8 - Human,5,wo_ai,0,8,2024-01-30T18:04:01.222000,3.149928,False,False,False,False,,1062
65b9395caf1080e196886a73,Rep 5 - Gen 0 - wo_ai - 9 - Human,5,wo_ai,0,9,2024-01-30T18:04:01.314000,2.714211,False,False,False,False,,812
65b9395caf1080e196886a74,Rep 5 - Gen 0 - wo_ai - 10 - Human,5,wo_ai,0,10,2024-01-30T18:04:02.275000,3.141086,False,False,False,False,,1750
65b9395caf1080e196886a75,Rep 5 - Gen 1 - w_ai - 0 - Human,5,w_ai,1,0,2024-01-30T18:04:03.249000,7.305609,False,False,False,False,65b9395caf1080e196886a6c,2075
65b9395caf1080e196886a76,Rep 5 - Gen 1 - w_ai - 1 - Human,5,w_ai,1,1,2024-01-30T18:04:03.880000,8.214097,False,False,False,False,65b9395caf1080e196886a71,2650
65b9395caf1080e196886a77,Rep 5 - Gen 1 - w_ai - 2 - Human,5,w_ai,1,2,2024-01-30T18:04:04.199000,8.537299,False,False,False,False,65b9395caf1080e196886a71,2650
65b9395caf1080e196886a78,Rep 5 - Gen 1 - w_ai - 3 - Human,5,w_ai,1,3,2024-01-30T18:04:02.836000,7.831263,False,False,False,False,65b9395caf1080e196886a6c,2375
65b9395caf1080e196886a79,Rep 5 - Gen 1 - w_ai - 4 - Human,5,w_ai,1,4,2024-01-30T18:04:03.044000,9.179481,False,False,False,False,65b9395caf1080e196886a6c,1825
65b9395caf1080e196886a7a,Rep 5 - Gen 1 - w_ai - 5 - Human,5,w_ai,1,5,2024-01-30T18:04:08.402000,7.945219,False,False,False,False,65b9395caf1080e196886a71,2575
65b9395caf1080e196886a7b,Rep 5 - Gen 1 - w_ai - 6 - Human,5,w_ai,1,6,2024-01-30T18:04:03.056000,7.52833,False,False,False,False,65b9395caf1080e196886a6b,2650
65b9395caf1080e196886a7c,Rep 5 - Gen 1 - w_ai - 7 - Human,5,w_ai,1,7,2024-01-30T18:04:08.415000,8.07932,False,False,False,False,65b9395caf1080e196886a71,1750
65b9395caf1080e196886a7d,Rep 5 - Gen 1 - wo_ai - 8 - Human,5,wo_ai,1,8,2024-01-30T18:04:13.184000,8.31689,False,False,False,False,65b9395caf1080e196886a74,1575
65b9395caf1080e196886a7e,Rep 5 - Gen 1 - wo_ai - 9 - Human,5,wo_ai,1,9,2024-01-30T18:04:13.436000,9.312827,False,False,False,False,65b9395caf1080e196886a71,2650
65b9395caf1080e196886a7f,Rep 5 - Gen 1 - wo_ai - 10 - Human,5,wo_ai,1,10,2024-01-30T18:04:13.520000,8.343936,False,False,False,False,65b9395caf1080e196886a74,1400
65b9395caf1080e196886a80,Rep 5 - Gen 1 - wo_ai - 11 - Human,5,wo_ai,1,11,2024-01-30T18:04:13.845000,7.873124,False,False,False,False,65b9395caf1080e196886a71,2600
65b9395caf1080e196886a81,Rep 5 - Gen 1 - wo_ai - 12 - Human,5,wo_ai,1,12,2024-01-30T18:04:13.888000,10.811177,False,False,False,False,65b9395caf1080e196886a71,2412
65b9395caf1080e196886a82,Rep 5 - Gen 1 - wo_ai - 13 - Human,5,wo_ai,1,13,2024-01-30T18:04:13.907000,8.916298,False,False,False,False,65b9395caf1080e196886a71,2262
65b9395caf1080e196886a83,Rep 5 - Gen 1 - wo_ai - 14 - Human,5,wo_ai,1,14,2024-01-30T18:04:15.321000,7.278539,False,False,False,False,65b9395caf1080e196886a70,1225
65b9395caf1080e196886a84,Rep 5 - Gen 1 - wo_ai - 15 - Human,5,wo_ai,1,15,2024-01-30T18:04:20.108000,8.154574,False,False,False,False,65b9395caf1080e196886a71,2487
65b9395eaf1080e196886a85,Rep 5 - Gen 2 - w_ai - 0 - Human,5,w_ai,2,0,2024-01-30T18:04:23.411000,10.156354,False,False,False,False,65b9395caf1080e196886a77,2437
65b9395eaf1080e196886a86,Rep 5 - Gen 2 - w_ai - 1 - Human,5,w_ai,2,1,2024-01-30T18:04:23.420000,8.8519,False,False,False,False,65b9395caf1080e196886a77,1037
65b9395eaf1080e196886a87,Rep 5 - Gen 2 - w_ai - 2 - Human,5,w_ai,2,2,2024-01-30T18:04:23.697000,9.46106,False,False,False,False,65b9395caf1080e196886a77,2650
65b9395eaf1080e196886a88,Rep 5 - Gen 2 - w_ai - 3 - Human,5,w_ai,2,3,2024-01-30T18:04:23.842000,8.180782,False,False,False,False,65b9395caf1080e196886a7b,2650
65b9395faf1080e196886a89,Rep 5 - Gen 2 - w_ai - 4 - Human,5,w_ai,2,4,2024-01-30T18:04:25.771000,8.585268,False,False,False,False,65b9395caf1080e196886a7b,1562
65b9395faf1080e196886a8a,Rep 5 - Gen 2 - w_ai - 5 - Human,5,w_ai,2,5,2024-01-30T18:04:26.778000,7.694164,False,False,False,False,65b9395caf1080e196886a7b,2575
65b9395faf1080e196886a8b,Rep 5 - Gen 2 - w_ai - 6 - Human,5,w_ai,2,6,2024-01-30T18:04:26.890000,7.887252,False,False,False,False,65b9395caf1080e196886a7b,2650
65b9395faf1080e196886a8c,Rep 5 - Gen 2 - w_ai - 7 - Human,5,w_ai,2,7,2024-01-30T18:04:27.790000,7.684806,False,False,False,False,65b9395caf1080e196886a7b,2650
65b9395faf1080e196886a8d,Rep 5 - Gen 2 - wo_ai - 8 - Human,5,wo_ai,2,8,2024-01-30T18:04:31.607000,7.905529,False,False,False,False,65b9395caf1080e196886a80,1900
65b9395faf1080e196886a8e,Rep 5 - Gen 2 - wo_ai - 9 - Human,5,wo_ai,2,9,2024-01-30T18:04:31.620000,7.99631,False,False,False,False,65b9395caf1080e196886a84,2075
65b9395faf1080e196886a8f,Rep 5 - Gen 2 - wo_ai - 10 - Human,5,wo_ai,2,10,2024-01-30T18:04:31.914000,7.063592,False,False,False,False,65b9395caf1080e196886a7e,2650
65b9395faf1080e196886a90,Rep 5 - Gen 2 - wo_ai - 11 - Human,5,wo_ai,2,11,2024-01-30T18:04:33.156000,8.525735,False,False,False,False,65b9395caf1080e196886a84,2650
65b9395faf1080e196886a91,Rep 5 - Gen 2 - wo_ai - 12 - Human,5,wo_ai,2,12,2024-01-30T18:04:33.157000,8.767864,False,False,False,False,65b9395caf1080e196886a84,2375
65b9395faf1080e196886a92,Rep 5 - Gen 2 - wo_ai - 13 - Human,5,wo_ai,2,13,2024-01-30T18:04:33.447000,9.876511,False,False,False,False,65b9395caf1080e196886a7e,1825
65b9395faf1080e196886a93,Rep 5 - Gen 2 - wo_ai - 14 - Human,5,wo_ai,2,14,2024-01-30T18:04:34.096000,8.38887,False,False,False,False,65b9395caf1080e196886a7e,2575
65b9395faf1080e196886a94,Rep 5 - Gen 2 - wo_ai - 15 - Human,5,wo_ai,2,15,2024-01-30T18:04:34.261000,9.202098,False,False,False,False,65b9395caf1080e196886a7e,975
65b93960af1080e196886a95,Rep 5 - Gen 3 - w_ai - 0 - Human,5,w_ai,3,0,2024-01-30T18:04:35.800000,8.167182,False,False,False,False,65b9395eaf1080e196886a87,1750
65b93960af1080e196886a96,Rep 5 - Gen 3 - w_ai - 1 - Human,5,w_ai,3,1,2024-01-30T18:04:34.910000,8.81508,False,False,False,False,65b9395eaf1080e196886a88,2650
65b93960af1080e196886a97,Rep 5 - Gen 3 - w_ai - 2 - Human,5,w_ai,3,2,2024-01-30T18:04:35.263000,8.013845,False,False,False,False,65b9395eaf1080e196886a88,2650
65b93960af1080e196886a98,Rep 5 - Gen 3 - w_ai - 3 - Human,5,w_ai,3,3,2024-01-30T18:04:36.146000,8.535246,False,False,False,False,65b9395eaf1080e196886a87,2187
65b93960af1080e196886a99,Rep 5 - Gen 3 - w_ai - 4 - Human,5,w_ai,3,4,2024-01-30T18:04:38.534000,8.893277,False,False,False,False,65b9395faf1080e196886a8b,2437
65b93960af1080e196886a9a,Rep 5 - Gen 3 - w_ai - 5 - Human,5,w_ai,3,5,2024-01-30T18:04:38.534000,8.394384,False,False,False,False,65b9395faf1080e196886a8b,2650
65b93960af1080e196886a9b,Rep 5 - Gen 3 - w_ai - 6 - Human,5,w_ai,3,6,2024-01-30T18:04:38.649000,9.148498,False,False,False,False,65b9395faf1080e196886a8b,2337
65b93960af1080e196886a9c,Rep 5 - Gen 3 - w_ai - 7 - Human,5,w_ai,3,7,2024-01-30T18:04:39.184000,8.208567,False,False,False,False,65b9395eaf1080e196886a88,1800
65b93960af1080e196886a9d,Rep 5 - Gen 3 - wo_ai - 8 - Human,5,wo_ai,3,8,2024-01-30T18:04:43.753000,8.692364,False,False,False,False,65b9395faf1080e196886a90,2487
65b93960af1080e196886a9e,Rep 5 - Gen 3 - wo_ai - 9 - Human,5,wo_ai,3,9,2024-01-30T18:04:43.111000,9.617527,False,False,False,False,65b9395faf1080e196886a8f,2437
65b93960af1080e196886a9f,Rep 5 - Gen 3 - wo_ai - 10 - Human,5,wo_ai,3,10,2024-01-30T18:04:43.115000,7.826525,False,False,False,False,65b9395faf1080e196886a8f,2650
65b93960af1080e196886aa0,Rep 5 - Gen 3 - wo_ai - 11 - Human,5,wo_ai,3,11,2024-01-30T18:04:43.994000,8.109079,False,False,False,False,65b9395faf1080e196886a8f,2650
65b93960af1080e196886aa1,Rep 5 - Gen 3 - wo_ai - 12 - Human,5,wo_ai,3,12,2024-01-30T18:04:44.125000,8.903029,False,False,False,False,65b9395faf1080e196886a93,2650
65b93960af1080e196886aa2,Rep 5 - Gen 3 - wo_ai - 13 - Human,5,wo_ai,3,13,2024-01-30T18:04:44.126000,8.660004,False,False,False,False,65b9395faf1080e196886a91,2650
65b93960af1080e196886aa3,Rep 5 - Gen 3 - wo_ai - 14 - Human,5,wo_ai,3,14,2024-01-30T18:04:44.243000,8.961126,False,False,False,False,65b9395faf1080e196886a8f,2575
65b93960af1080e196886aa4,Rep 5 - Gen 3 - wo_ai - 15 - Human,5,wo_ai,3,15,2024-01-30T18:04:43.136000,8.844977,False,False,False,False,65b9395faf1080e196886a90,2650
65b93962af1080e196886aa5,Rep 5 - Gen 4 - w_ai - 0 - Human,5,w_ai,4,0,2024-01-30T18:04:48.132000,7.728863,False,False,False,False,65b93960af1080e196886a97,2650
65b93962af1080e196886aa6,Rep 5 - Gen 4 - w_ai - 1 - Human,5,w_ai,4,1,2024-01-30T18:04:47.764000,7.442588,False,False,False,False,65b93960af1080e196886a9a,2062
65b93962af1080e196886aa7,Rep 5 - Gen 4 - w_ai - 2 - Human,5,w_ai,4,2,2024-01-30T18:04:48.194000,9.149436,False,False,False,False,65b93960af1080e196886a97,2075
65b93962af1080e196886aa8,Rep 5 - Gen 4 - w_ai - 3 - Human,5,w_ai,4,3,2024-01-30T18:04:48.706000,8.703619,False,False,False,False,65b93960af1080e196886a9a,2650
65b93962af1080e196886aa9,Rep 5 - Gen 4 - w_ai - 4 - Human,5,w_ai,4,4,2024-01-30T18:04:51.500000,8.764966,False,False,False,False,65b93960af1080e196886a97,2287
65b93962af1080e196886aaa,Rep 5 - Gen 4 - w_ai - 5 - Human,5,w_ai,4,5,2024-01-30T18:04:52.898000,8.611024,False,False,False,False,65b93960af1080e196886a9a,2112
65b93962af1080e196886aab,Rep 5 - Gen 4 - w_ai - 6 - Human,5,w_ai,4,6,2024-01-30T18:04:53.296000,8.362301,False,False,False,False,65b93960af1080e196886a97,1825
65b93962af1080e196886aac,Rep 5 - Gen 4 - w_ai - 7 - Human,5,w_ai,4,7,2024-01-30T18:04:53.395000,8.948503,False,False,False,False,65b93960af1080e196886a97,2237
65b93962af1080e196886aad,Rep 5 - Gen 4 - wo_ai - 8 - Human,5,wo_ai,4,8,2024-01-30T18:04:53.765000,7.702715,False,False,False,False,65b93960af1080e196886aa2,2650
65b93962af1080e196886aae,Rep 5 - Gen 4 - wo_ai - 9 - Human,5,wo_ai,4,9,2024-01-30T18:04:53.904000,8.962358,False,False,False,False,65b93960af1080e196886aa0,1750
65b93962af1080e196886aaf,Rep 5 - Gen 4 - wo_ai - 10 - Human,5,wo_ai,4,10,2024-01-30T18:04:53.486000,8.194382,False,False,False,False,65b93960af1080e196886a9f,2650
65b93962af1080e196886ab0,Rep 5 - Gen 4 - wo_ai - 11 - Human,5,wo_ai,4,11,2024-01-30T18:04:53.905000,8.194135,False,False,False,False,65b93960af1080e196886aa4,2650
65b93962af1080e196886ab1,Rep 5 - Gen 4 - wo_ai - 12 - Human,5,wo_ai,4,12,2024-01-30T18:04:53.994000,9.375235,False,False,False,False,65b93960af1080e196886aa1,2187
65b93962af1080e196886ab2,Rep 5 - Gen 4 - wo_ai - 13 - Human,5,wo_ai,4,13,2024-01-30T18:04:54.084000,7.142448,False,False,False,False,65b93960af1080e196886aa0,1612
65b93962af1080e196886ab3,Rep 5 - Gen 4 - wo_ai - 14 - Human,5,wo_ai,4,14,2024-01-30T18:04:54.182000,8.237825,False,False,False,False,65b93960af1080e196886aa1,2650
65b93962af1080e196886ab4,Rep 5 - Gen 4 - wo_ai - 15 - Human,5,wo_ai,4,15,2024-01-30T18:04:54.449000,9.227662,False,False,False,False,65b93960af1080e196886aa1,1950
65b93963af1080e196886ab5,Rep 6 - Gen 0 - w_ai - 0 - AI,6,w_ai,0,0,,0.0,False,False,True,False,,2487
65b93963af1080e196886ab6,Rep 6 - Gen 0 - w_ai - 1 - AI,6,w_ai,0,1,,0.0,False,False,True,False,,2650
65b93963af1080e196886ab7,Rep 6 - Gen 0 - w_ai - 2 - AI,6,w_ai,0,2,,0.0,False,False,True,False,,2487
65b93964af1080e196886ab8,Rep 6 - Gen 0 - None - 3 - Human,6,,0,3,2024-01-30T18:04:35.469000,2.834238,False,False,False,False,,1250
65b93964af1080e196886ab9,Rep 6 - Gen 0 - None - 4 - Human,6,,0,4,2024-01-30T18:04:39.599000,2.82786,False,False,False,False,,650
65b93964af1080e196886aba,Rep 6 - Gen 0 - None - 5 - Human,6,,0,5,2024-01-30T18:04:39.995000,3.292957,False,False,False,False,,1387
65b93964af1080e196886abb,Rep 6 - Gen 0 - None - 6 - Human,6,,0,6,2024-01-30T18:04:40.310000,2.973387,False,False,False,False,,1150
65b93964af1080e196886abc,Rep 6 - Gen 0 - None - 7 - Human,6,,0,7,2024-01-30T18:04:40.379000,3.2595,False,False,False,False,,812
65b93964af1080e196886abd,Rep 6 - Gen 0 - wo_ai - 8 - Human,6,wo_ai,0,8,2024-01-30T18:04:40.490000,3.055555,False,False,False,False,,1475
65b93964af1080e196886abe,Rep 6 - Gen 0 - wo_ai - 9 - Human,6,wo_ai,0,9,2024-01-30T18:04:40.712000,3.665919,False,False,False,False,,975
65b93964af1080e196886abf,Rep 6 - Gen 0 - wo_ai - 10 - Human,6,wo_ai,0,10,2024-01-30T18:04:40.759000,2.3492,False,False,False,False,,1012
65b93964af1080e196886ac0,Rep 6 - Gen 1 - w_ai - 0 - Human,6,w_ai,1,0,2024-01-30T18:04:44.467000,8.632593,False,False,False,False,65b93963af1080e196886ab7,2600
65b93964af1080e196886ac1,Rep 6 - Gen 1 - w_ai - 1 - Human,6,w_ai,1,1,2024-01-30T18:04:44.538000,9.323236,False,False,False,False,65b93964af1080e196886aba,1300
65b93964af1080e196886ac2,Rep 6 - Gen 1 - w_ai - 2 - Human,6,w_ai,1,2,2024-01-30T18:04:44.544000,8.491776,False,False,False,False,65b93963af1080e196886ab5,1950
65b93964af1080e196886ac3,Rep 6 - Gen 1 - w_ai - 3 - Human,6,w_ai,1,3,2024-01-30T18:04:44.568000,8.643348,False,False,False,False,65b93963af1080e196886ab5,2237
65b93964af1080e196886ac4,Rep 6 - Gen 1 - w_ai - 4 - Human,6,w_ai,1,4,2024-01-30T18:04:44.579000,9.034477,False,False,False,False,65b93963af1080e196886ab5,2487
65b93964af1080e196886ac5,Rep 6 - Gen 1 - w_ai - 5 - Human,6,w_ai,1,5,2024-01-30T18:04:45.001000,9.144414,False,False,False,False,65b93963af1080e196886ab5,2437
65b93964af1080e196886ac6,Rep 6 - Gen 1 - w_ai - 6 - Human,6,w_ai,1,6,2024-01-30T18:04:45.437000,7.885708,False,False,False,False,65b93963af1080e196886ab6,2150
65b93964af1080e196886ac7,Rep 6 - Gen 1 - w_ai - 7 - Human,6,w_ai,1,7,2024-01-30T18:04:46.436000,7.854629,False,False,False,False,65b93963af1080e196886ab6,2387
65b93964af1080e196886ac8,Rep 6 - Gen 1 - wo_ai - 8 - Human,6,wo_ai,1,8,2024-01-30T18:04:54.546000,7.933311,False,False,False,False,65b93964af1080e196886abd,1550
65b93964af1080e196886ac9,Rep 6 - Gen 1 - wo_ai - 9 - Human,6,wo_ai,1,9,2024-01-30T18:04:54.995000,9.651187,False,False,False,False,65b93964af1080e196886ab8,1750
65b93964af1080e196886aca,Rep 6 - Gen 1 - wo_ai - 10 - Human,6,wo_ai,1,10,2024-01-30T18:04:55.186000,8.251207,False,False,False,False,65b93964af1080e196886abd,1600
65b93964af1080e196886acb,Rep 6 - Gen 1 - wo_ai - 11 - Human,6,wo_ai,1,11,2024-01-30T18:04:55.247000,8.346108,False,False,False,False,65b93964af1080e196886abd,2650
65b93964af1080e196886acc,Rep 6 - Gen 1 - wo_ai - 12 - Human,6,wo_ai,1,12,2024-01-30T18:04:55.867000,7.9336,False,False,False,False,65b93964af1080e196886aba,1825
65b93964af1080e196886acd,Rep 6 - Gen 1 - wo_ai - 13 - Human,6,wo_ai,1,13,2024-01-30T18:04:56.539000,8.577468,False,False,False,False,65b93964af1080e196886ab8,1750
65b93964af1080e196886ace,Rep 6 - Gen 1 - wo_ai - 14 - Human,6,wo_ai,1,14,2024-01-30T18:04:58.351000,7.958104,False,False,False,False,65b93964af1080e196886abd,1500
65b93964af1080e196886acf,Rep 6 - Gen 1 - wo_ai - 15 - Human,6,wo_ai,1,15,2024-01-30T18:04:58.412000,8.706545,False,False,False,False,65b93964af1080e196886abd,1400
65b93966af1080e196886ad0,Rep 6 - Gen 2 - w_ai - 0 - Human,6,w_ai,2,0,2024-01-30T18:05:01.112000,8.782692,False,False,False,False,65b93964af1080e196886ac4,2650
65b93966af1080e196886ad1,Rep 6 - Gen 2 - w_ai - 1 - Human,6,w_ai,2,1,2024-01-30T18:05:02.171000,8.744024,False,False,False,False,65b93964af1080e196886ac0,825
65b93966af1080e196886ad2,Rep 6 - Gen 2 - w_ai - 2 - Human,6,w_ai,2,2,2024-01-30T18:05:02.242000,8.645138,False,False,False,False,65b93964af1080e196886ac0,1900
65b93966af1080e196886ad3,Rep 6 - Gen 2 - w_ai - 3 - Human,6,w_ai,2,3,2024-01-30T18:05:02.331000,7.625346,False,False,False,False,65b93964af1080e196886ac4,2575
65b93966af1080e196886ad4,Rep 6 - Gen 2 - w_ai - 4 - Human,6,w_ai,2,4,2024-01-30T18:05:02.417000,9.200206,False,False,False,False,65b93964af1080e196886ac4,2650
65b93966af1080e196886ad5,Rep 6 - Gen 2 - w_ai - 5 - Human,6,w_ai,2,5,2024-01-30T18:05:02.417000,8.46521,False,False,False,False,65b93964af1080e196886ac0,1862
65b93966af1080e196886ad6,Rep 6 - Gen 2 - w_ai - 6 - Human,6,w_ai,2,6,2024-01-30T18:05:02.968000,7.50305,False,False,False,False,65b93964af1080e196886ac4,2650
65b93966af1080e196886ad7,Rep 6 - Gen 2 - w_ai - 7 - Human,6,w_ai,2,7,2024-01-30T18:05:02.984000,8.460582,False,False,False,False,65b93964af1080e196886ac0,2650
65b93966af1080e196886ad8,Rep 6 - Gen 2 - wo_ai - 8 - Human,6,wo_ai,2,8,2024-01-30T18:05:07.330000,9.385477,False,False,False,False,65b93964af1080e196886acb,2187
65b93966af1080e196886ad9,Rep 6 - Gen 2 - wo_ai - 9 - Human,6,wo_ai,2,9,2024-01-30T18:05:07.839000,9.111258,False,False,False,False,65b93964af1080e196886acc,1750
65b93966af1080e196886ada,Rep 6 - Gen 2 - wo_ai - 10 - Human,6,wo_ai,2,10,2024-01-30T18:05:07.905000,8.058954,False,False,False,False,65b93964af1080e196886acc,1300
65b93966af1080e196886adb,Rep 6 - Gen 2 - wo_ai - 11 - Human,6,wo_ai,2,11,2024-01-30T18:05:08.094000,9.829714,False,False,False,False,65b93964af1080e196886acc,1250
65b93966af1080e196886adc,Rep 6 - Gen 2 - wo_ai - 12 - Human,6,wo_ai,2,12,2024-01-30T18:05:08.303000,8.014109,False,False,False,False,65b93964af1080e196886acc,1225
65b93966af1080e196886add,Rep 6 - Gen 2 - wo_ai - 13 - Human,6,wo_ai,2,13,2024-01-30T18:05:10.569000,7.601049,False,False,False,False,65b93964af1080e196886acb,2487
65b93966af1080e196886ade,Rep 6 - Gen 2 - wo_ai - 14 - Human,6,wo_ai,2,14,2024-01-30T18:05:10.583000,8.510634,False,False,False,False,65b93964af1080e196886acc,1750
65b93966af1080e196886adf,Rep 6 - Gen 2 - wo_ai - 15 - Human,6,wo_ai,2,15,2024-01-30T18:05:05.442000,7.682946,False,False,False,False,65b93964af1080e196886acc,1575
65b93968af1080e196886ae0,Rep 6 - Gen 3 - w_ai - 0 - Human,6,w_ai,3,0,2024-01-30T18:05:11.699000,7.862578,False,False,False,False,65b93966af1080e196886ad7,2650
65b93968af1080e196886ae1,Rep 6 - Gen 3 - w_ai - 1 - Human,6,w_ai,3,1,2024-01-30T18:05:12.271000,8.282471,False,False,False,False,65b93966af1080e196886ad6,2650
65b93968af1080e196886ae2,Rep 6 - Gen 3 - w_ai - 2 - Human,6,w_ai,3,2,2024-01-30T18:05:12.545000,7.919887,False,False,False,False,65b93966af1080e196886ad4,2650
65b93968af1080e196886ae3,Rep 6 - Gen 3 - w_ai - 3 - Human,6,w_ai,3,3,2024-01-30T18:05:12.547000,9.199831,False,False,False,False,65b93966af1080e196886ad4,2337
65b93968af1080e196886ae4,Rep 6 - Gen 3 - w_ai - 4 - Human,6,w_ai,3,4,2024-01-30T18:05:11.783000,7.981198,False,False,False,False,65b93966af1080e196886ad6,2387
65b93968af1080e196886ae5,Rep 6 - Gen 3 - w_ai - 5 - Human,6,w_ai,3,5,2024-01-30T18:05:13.812000,9.719796,False,False,False,False,65b93966af1080e196886ad6,2650
65b93968af1080e196886ae6,Rep 6 - Gen 3 - w_ai - 6 - Human,6,w_ai,3,6,2024-01-30T18:05:15.549000,7.991845,False,False,False,False,65b93966af1080e196886ad6,2125
65b93968af1080e196886ae7,Rep 6 - Gen 3 - w_ai - 7 - Human,6,w_ai,3,7,2024-01-30T18:05:16.062000,7.790127,False,False,False,False,65b93966af1080e196886ad4,2075
65b93968af1080e196886ae8,Rep 6 - Gen 3 - wo_ai - 8 - Human,6,wo_ai,3,8,2024-01-30T18:05:19.840000,9.592963,False,False,False,False,65b93966af1080e196886add,2650
65b93968af1080e196886ae9,Rep 6 - Gen 3 - wo_ai - 9 - Human,6,wo_ai,3,9,2024-01-30T18:05:19.930000,9.478643,False,False,False,False,65b93966af1080e196886ad8,2650
65b93968af1080e196886aea,Rep 6 - Gen 3 - wo_ai - 10 - Human,6,wo_ai,3,10,2024-01-30T18:05:20.278000,7.813147,False,False,False,False,65b93966af1080e196886ad8,2375
65b93968af1080e196886aeb,Rep 6 - Gen 3 - wo_ai - 11 - Human,6,wo_ai,3,11,2024-01-30T18:05:18.365000,9.763938,False,False,False,False,65b93966af1080e196886ad9,1325
65b93968af1080e196886aec,Rep 6 - Gen 3 - wo_ai - 12 - Human,6,wo_ai,3,12,2024-01-30T18:05:20.585000,8.268024,False,False,False,False,65b93966af1080e196886ad8,2575
65b93968af1080e196886aed,Rep 6 - Gen 3 - wo_ai - 13 - Human,6,wo_ai,3,13,2024-01-30T18:05:18.924000,7.124139,False,False,False,False,65b93966af1080e196886add,2650
65b93968af1080e196886aee,Rep 6 - Gen 3 - wo_ai - 14 - Human,6,wo_ai,3,14,2024-01-30T18:05:21.473000,8.767159,False,False,False,False,65b93966af1080e196886ad8,1750
65b93968af1080e196886aef,Rep 6 - Gen 3 - wo_ai - 15 - Human,6,wo_ai,3,15,2024-01-30T18:05:21.672000,8.021371,False,False,False,False,65b93966af1080e196886ad8,2650
65b93969af1080e196886af0,Rep 6 - Gen 4 - w_ai - 0 - Human,6,w_ai,4,0,2024-01-30T18:05:24.460000,8.419766,False,False,False,False,65b93968af1080e196886ae2,2650
65b93969af1080e196886af1,Rep 6 - Gen 4 - w_ai - 1 - Human,6,w_ai,4,1,2024-01-30T18:05:24.564000,8.598644,False,False,False,False,65b93968af1080e196886ae5,2187
65b9396aaf1080e196886af2,Rep 6 - Gen 4 - w_ai - 2 - Human,6,w_ai,4,2,2024-01-30T18:05:24.616000,10.151932,False,False,False,False,65b93968af1080e196886ae2,2487
65b9396aaf1080e196886af3,Rep 6 - Gen 4 - w_ai - 3 - Human,6,w_ai,4,3,2024-01-30T18:05:25.730000,8.679326,False,False,False,False,65b93968af1080e196886ae5,2650
65b9396aaf1080e196886af4,Rep 6 - Gen 4 - w_ai - 4 - Human,6,w_ai,4,4,2024-01-30T18:05:26.053000,7.295789,False,False,False,False,65b93968af1080e196886ae2,2262
65b9396aaf1080e196886af5,Rep 6 - Gen 4 - w_ai - 5 - Human,6,w_ai,4,5,2024-01-30T18:05:26.631000,8.011855,False,False,False,False,65b93968af1080e196886ae0,2237
65b9396aaf1080e196886af6,Rep 6 - Gen 4 - w_ai - 6 - Human,6,w_ai,4,6,2024-01-30T18:05:26.724000,8.410552,False,False,False,False,65b93968af1080e196886ae2,2487
65b9396aaf1080e196886af7,Rep 6 - Gen 4 - w_ai - 7 - Human,6,w_ai,4,7,2024-01-30T18:05:26.816000,7.739121,False,False,False,False,65b93968af1080e196886ae2,2437
65b9396aaf1080e196886af8,Rep 6 - Gen 4 - wo_ai - 8 - Human,6,wo_ai,4,8,2024-01-30T18:05:30.633000,8.459394,False,False,False,False,65b93968af1080e196886aed,2650
65b9396aaf1080e196886af9,Rep 6 - Gen 4 - wo_ai - 9 - Human,6,wo_ai,4,9,2024-01-30T18:05:30.832000,9.970485,False,False,False,False,65b93968af1080e196886aef,2650
65b9396aaf1080e196886afa,Rep 6 - Gen 4 - wo_ai - 10 - Human,6,wo_ai,4,10,2024-01-30T18:05:30.128000,9.637088,False,False,False,False,65b93968af1080e196886ae9,2650
65b9396aaf1080e196886afb,Rep 6 - Gen 4 - wo_ai - 11 - Human,6,wo_ai,4,11,2024-01-30T18:05:31.577000,7.395555,False,False,False,False,65b93968af1080e196886aef,2487
65b9396aaf1080e196886afc,Rep 6 - Gen 4 - wo_ai - 12 - Human,6,wo_ai,4,12,2024-01-30T18:05:33.628000,8.202912,False,False,False,False,65b93968af1080e196886ae9,2575
65b9396aaf1080e196886afd,Rep 6 - Gen 4 - wo_ai - 13 - Human,6,wo_ai,4,13,2024-01-30T18:05:33.924000,6.872697,False,False,False,False,65b93968af1080e196886ae8,2650
65b9396aaf1080e196886afe,Rep 6 - Gen 4 - wo_ai - 14 - Human,6,wo_ai,4,14,2024-01-30T18:05:34.207000,8.313361,False,False,False,False,65b93968af1080e196886aef,2650
65b9396aaf1080e196886aff,Rep 6 - Gen 4 - wo_ai - 15 - Human,6,wo_ai,4,15,2024-01-30T18:05:35.296000,8.021129,False,False,False,False,65b93968af1080e196886ae8,2062
65b9396baf1080e196886b00,Rep 7 - Gen 0 - w_ai - 0 - AI,7,w_ai,0,0,,0.0,False,False,True,False,,2650
65b9396baf1080e196886b01,Rep 7 - Gen 0 - w_ai - 1 - AI,7,w_ai,0,1,,0.0,False,False,True,False,,2212
65b9396baf1080e196886b02,Rep 7 - Gen 0 - w_ai - 2 - AI,7,w_ai,0,2,,0.0,False,False,True,False,,2575
65b9396baf1080e196886b03,Rep 7 - Gen 0 - None - 3 - Human,7,,0,3,2024-01-30T18:04:43.136000,2.782407,False,False,False,False,,1400
65b9396baf1080e196886b04,Rep 7 - Gen 0 - None - 4 - Human,7,,0,4,2024-01-30T18:05:03.222000,2.841307,False,False,False,False,,1200
65b9396baf1080e196886b05,Rep 7 - Gen 0 - None - 5 - Human,7,,0,5,2024-01-30T18:05:03.477000,3.094994,False,False,False,False,,1037
65b9396baf1080e196886b06,Rep 7 - Gen 0 - None - 6 - Human,7,,0,6,2024-01-30T18:05:03.778000,2.9696,False,False,False,False,,787
65b9396baf1080e196886b07,Rep 7 - Gen 0 - None - 7 - Human,7,,0,7,2024-01-30T18:05:04.175000,2.618716,False,False,False,False,,775
65b9396baf1080e196886b08,Rep 7 - Gen 0 - wo_ai - 8 - Human,7,wo_ai,0,8,2024-01-30T18:05:04.192000,3.010296,False,False,False,False,,1575
65b9396baf1080e196886b09,Rep 7 - Gen 0 - wo_ai - 9 - Human,7,wo_ai,0,9,2024-01-30T18:05:04.381000,3.27662,False,False,False,False,,1375
65b9396baf1080e196886b0a,Rep 7 - Gen 0 - wo_ai - 10 - Human,7,wo_ai,0,10,2024-01-30T18:05:04.567000,2.835909,False,False,False,False,,1275
65b9396baf1080e196886b0b,Rep 7 - Gen 1 - w_ai - 0 - Human,7,w_ai,1,0,2024-01-30T18:05:06.996000,8.428492,False,False,False,False,65b9396baf1080e196886b00,2650
65b9396baf1080e196886b0c,Rep 7 - Gen 1 - w_ai - 1 - Human,7,w_ai,1,1,2024-01-30T18:05:07.035000,8.973751,False,False,False,False,65b9396baf1080e196886b03,1825
65b9396baf1080e196886b0d,Rep 7 - Gen 1 - w_ai - 2 - Human,7,w_ai,1,2,2024-01-30T18:05:07.138000,9.076489,False,False,False,False,65b9396baf1080e196886b00,1775
65b9396baf1080e196886b0e,Rep 7 - Gen 1 - w_ai - 3 - Human,7,w_ai,1,3,2024-01-30T18:05:06.852000,7.861157,False,False,False,False,65b9396baf1080e196886b00,2075
65b9396baf1080e196886b0f,Rep 7 - Gen 1 - w_ai - 4 - Human,7,w_ai,1,4,2024-01-30T18:05:06.676000,8.48193,False,False,False,False,65b9396baf1080e196886b00,2387
65b9396baf1080e196886b10,Rep 7 - Gen 1 - w_ai - 5 - Human,7,w_ai,1,5,2024-01-30T18:05:07.258000,10.334329,False,False,False,False,65b9396baf1080e196886b00,2650
65b9396caf1080e196886b11,Rep 7 - Gen 1 - w_ai - 6 - Human,7,w_ai,1,6,2024-01-30T18:05:11.399000,7.588185,False,False,False,False,65b9396baf1080e196886b00,2375
65b9396caf1080e196886b12,Rep 7 - Gen 1 - w_ai - 7 - Human,7,w_ai,1,7,2024-01-30T18:05:16.177000,8.905286,False,False,False,False,65b9396baf1080e196886b01,1825
65b9396caf1080e196886b13,Rep 7 - Gen 1 - wo_ai - 8 - Human,7,wo_ai,1,8,2024-01-30T18:05:16.552000,9.386108,False,False,False,False,65b9396baf1080e196886b08,1775
65b9396caf1080e196886b14,Rep 7 - Gen 1 - wo_ai - 9 - Human,7,wo_ai,1,9,2024-01-30T18:05:16.794000,8.766057,False,False,False,False,65b9396baf1080e196886b03,1750
65b9396caf1080e196886b15,Rep 7 - Gen 1 - wo_ai - 10 - Human,7,wo_ai,1,10,2024-01-30T18:05:17.112000,8.836215,False,False,False,False,65b9396baf1080e196886b08,1400
65b9396caf1080e196886b16,Rep 7 - Gen 1 - wo_ai - 11 - Human,7,wo_ai,1,11,2024-01-30T18:05:17.251000,7.322029,False,False,False,False,65b9396baf1080e196886b08,1575
65b9396caf1080e196886b17,Rep 7 - Gen 1 - wo_ai - 12 - Human,7,wo_ai,1,12,2024-01-30T18:05:17.588000,8.584491,False,False,False,False,65b9396baf1080e196886b09,1675
65b9396caf1080e196886b18,Rep 7 - Gen 1 - wo_ai - 13 - Human,7,wo_ai,1,13,2024-01-30T18:05:17.791000,8.304761,False,False,False,False,65b9396baf1080e196886b03,1287
65b9396caf1080e196886b19,Rep 7 - Gen 1 - wo_ai - 14 - Human,7,wo_ai,1,14,2024-01-30T18:05:19.019000,8.841222,False,False,False,False,65b9396baf1080e196886b08,1750
65b9396caf1080e196886b1a,Rep 7 - Gen 1 - wo_ai - 15 - Human,7,wo_ai,1,15,2024-01-30T18:05:22.505000,8.217061,False,False,False,False,65b9396baf1080e196886b08,1300
65b9396eaf1080e196886b1b,Rep 7 - Gen 2 - w_ai - 0 - Human,7,w_ai,2,0,2024-01-30T18:05:26.826000,9.691998,False,False,False,False,65b9396baf1080e196886b10,2262
65b9396eaf1080e196886b1c,Rep 7 - Gen 2 - w_ai - 1 - Human,7,w_ai,2,1,2024-01-30T18:05:26.871000,8.03614,False,False,False,False,65b9396baf1080e196886b0b,2237
65b9396eaf1080e196886b1d,Rep 7 - Gen 2 - w_ai - 2 - Human,7,w_ai,2,2,2024-01-30T18:05:27.022000,8.732642,False,False,False,False,65b9396baf1080e196886b0b,2487
65b9396eaf1080e196886b1e,Rep 7 - Gen 2 - w_ai - 3 - Human,7,w_ai,2,3,2024-01-30T18:05:28.687000,10.040436,False,False,False,False,65b9396baf1080e196886b0f,2437
65b9396eaf1080e196886b1f,Rep 7 - Gen 2 - w_ai - 4 - Human,7,w_ai,2,4,2024-01-30T18:05:28.730000,7.638427,False,False,False,False,65b9396baf1080e196886b10,2650
65b9396eaf1080e196886b20,Rep 7 - Gen 2 - w_ai - 5 - Human,7,w_ai,2,5,2024-01-30T18:05:29.038000,8.699006,False,False,False,False,65b9396baf1080e196886b10,2650
65b9396eaf1080e196886b21,Rep 7 - Gen 2 - w_ai - 6 - Human,7,w_ai,2,6,2024-01-30T18:05:29.501000,9.294818,False,False,False,False,65b9396baf1080e196886b10,2487
65b9396eaf1080e196886b22,Rep 7 - Gen 2 - w_ai - 7 - Human,7,w_ai,2,7,2024-01-30T18:05:30.131000,8.004792,False,False,False,False,65b9396baf1080e196886b0b,2650
65b9396eaf1080e196886b23,Rep 7 - Gen 2 - wo_ai - 8 - Human,7,wo_ai,2,8,2024-01-30T18:05:35.299000,7.276988,False,False,False,False,65b9396caf1080e196886b17,1600
65b9396eaf1080e196886b24,Rep 7 - Gen 2 - wo_ai - 9 - Human,7,wo_ai,2,9,2024-01-30T18:05:35.341000,9.022673,False,False,False,False,65b9396caf1080e196886b13,1500
65b9396eaf1080e196886b25,Rep 7 - Gen 2 - wo_ai - 10 - Human,7,wo_ai,2,10,2024-01-30T18:05:35.525000,8.943223,False,False,False,False,65b9396caf1080e196886b13,1825
65b9396eaf1080e196886b26,Rep 7 - Gen 2 - wo_ai - 11 - Human,7,wo_ai,2,11,2024-01-30T18:05:35.526000,8.342869,False,False,False,False,65b9396caf1080e196886b13,1137
65b9396eaf1080e196886b27,Rep 7 - Gen 2 - wo_ai - 12 - Human,7,wo_ai,2,12,2024-01-30T18:05:36.442000,8.696409,False,False,False,False,65b9396caf1080e196886b13,1387
65b9396eaf1080e196886b28,Rep 7 - Gen 2 - wo_ai - 13 - Human,7,wo_ai,2,13,2024-01-30T18:05:36.484000,8.263049,False,False,False,False,65b9396caf1080e196886b13,1400
65b9396eaf1080e196886b29,Rep 7 - Gen 2 - wo_ai - 14 - Human,7,wo_ai,2,14,2024-01-30T18:05:37.292000,7.919638,False,False,False,False,65b9396caf1080e196886b13,1500
65b9396eaf1080e196886b2a,Rep 7 - Gen 2 - wo_ai - 15 - Human,7,wo_ai,2,15,2024-01-30T18:05:37.685000,7.278874,False,False,False,False,65b9396caf1080e196886b13,1625
65b9396faf1080e196886b2b,Rep 7 - Gen 3 - w_ai - 0 - Human,7,w_ai,3,0,2024-01-30T18:05:39.365000,7.353074,False,False,False,False,65b9396eaf1080e196886b20,1825
65b9396faf1080e196886b2c,Rep 7 - Gen 3 - w_ai - 1 - Human,7,w_ai,3,1,2024-01-30T18:05:39.556000,7.9601,False,False,False,False,65b9396eaf1080e196886b20,2575
65b9396faf1080e196886b2d,Rep 7 - Gen 3 - w_ai - 2 - Human,7,w_ai,3,2,2024-01-30T18:05:39.630000,7.138252,False,False,False,False,65b9396eaf1080e196886b1f,2462
65b9396faf1080e196886b2e,Rep 7 - Gen 3 - w_ai - 3 - Human,7,w_ai,3,3,2024-01-30T18:05:38.521000,8.594567,False,False,False,False,65b9396eaf1080e196886b1f,1750
65b9396faf1080e196886b2f,Rep 7 - Gen 3 - w_ai - 4 - Human,7,w_ai,3,4,2024-01-30T18:05:39.751000,7.603092,False,False,False,False,65b9396eaf1080e196886b22,2650
65b9396faf1080e196886b30,Rep 7 - Gen 3 - w_ai - 5 - Human,7,w_ai,3,5,2024-01-30T18:05:39.819000,6.832386,False,False,False,False,65b9396eaf1080e196886b22,2237
65b9396faf1080e196886b31,Rep 7 - Gen 3 - w_ai - 6 - Human,7,w_ai,3,6,2024-01-30T18:05:40.731000,6.768943,False,False,False,False,65b9396eaf1080e196886b1f,2187
65b9396faf1080e196886b32,Rep 7 - Gen 3 - w_ai - 7 - Human,7,w_ai,3,7,2024-01-30T18:05:41.392000,6.192779,False,False,False,False,65b9396eaf1080e196886b1f,2600
