move_idx,source_num,target_num,reward,level,myopic,optimal,large_loss_taken,session_id,trail_id,score,average_score,session_idx,trail_idx
0,1,3,0,0,False,False,False,655c7aba7cb69f5cd300575d,4,1300,1125,0,0
1,3,5,0,0,False,False,False,655c7aba7cb69f5cd300575d,4,1300,1125,0,0
2,5,1,200,0,True,True,False,655c7aba7cb69f5cd300575d,4,1300,1125,0,0
3,1,5,100,0,True,False,False,655c7aba7cb69f5cd300575d,4,1300,1125,0,0
4,5,1,200,0,True,True,False,655c7aba7cb69f5cd300575d,4,1300,1125,0,0
5,1,5,100,0,True,False,False,655c7aba7cb69f5cd300575d,4,1300,1125,0,0
6,5,1,200,0,True,True,False,655c7aba7cb69f5cd300575d,4,1300,1125,0,0
7,1,5,100,0,True,False,False,655c7aba7cb69f5cd300575d,4,1300,1125,0,0
8,5,1,200,0,True,True,False,655c7aba7cb69f5cd300575d,4,1300,1125,0,0
9,1,5,100,0,True,False,False,655c7aba7cb69f5cd300575d,4,1300,1125,0,0
0,4,6,200,0,True,False,False,655c7aba7cb69f5cd300575d,5,2100,1125,0,1
1,6,2,200,0,True,True,False,655c7aba7cb69f5cd300575d,5,2100,1125,0,1
2,2,4,200,0,True,False,False,655c7aba7cb69f5cd300575d,5,2100,1125,0,1
3,4,6,200,0,True,False,False,655c7aba7cb69f5cd300575d,5,2100,1125,0,1
4,6,2,200,0,True,True,False,655c7aba7cb69f5cd300575d,5,2100,1125,0,1
5,2,4,200,0,True,False,False,655c7aba7cb69f5cd300575d,5,2100,1125,0,1
6,4,6,200,0,True,False,False,655c7aba7cb69f5cd300575d,5,2100,1125,0,1
7,6,2,200,0,True,True,False,655c7aba7cb69f5cd300575d,5,2100,1125,0,1
8,2,4,200,0,True,False,False,655c7aba7cb69f5cd300575d,5,2100,1125,0,1
9,4,6,200,0,True,False,False,655c7aba7cb69f5cd300575d,5,2100,1125,0,1
0,4,3,-50,1,False,True,True,655c7aba7cb69f5cd300575d,8,500,1125,0,2
1,3,9,200,0,True,False,False,655c7aba7cb69f5cd300575d,8,500,1125,0,2
2,9,2,0,0,False,False,False,655c7aba7cb69f5cd300575d,8,500,1125,0,2
3,2,11,0,0,False,False,False,655c7aba7cb69f5cd300575d,8,500,1125,0,2
4,11,6,-50,1,False,True,True,655c7aba7cb69f5cd300575d,8,500,1125,0,2
5,6,11,200,0,True,False,False,655c7aba7cb69f5cd300575d,8,500,1125,0,2
6,11,2,0,0,False,False,False,655c7aba7cb69f5cd300575d,8,500,1125,0,2
7,2,4,200,0,True,True,False,655c7aba7cb69f5cd300575d,8,500,1125,0,2
8,4,6,-50,1,False,True,True,655c7aba7cb69f5cd300575d,8,500,1125,0,2
0,0,5,200,0,True,False,False,655c7aba7cb69f5cd300575d,9,550,1125,0,3
1,5,11,200,0,True,False,False,655c7aba7cb69f5cd300575d,9,550,1125,0,3
2,11,7,0,0,False,False,False,655c7aba7cb69f5cd300575d,9,550,1125,0,3
3,7,5,0,0,False,False,False,655c7aba7cb69f5cd300575d,9,550,1125,0,3
4,5,0,0,0,False,False,False,655c7aba7cb69f5cd300575d,9,550,1125,0,3
5,0,6,-50,1,False,True,True,655c7aba7cb69f5cd300575d,9,550,1125,0,3
6,6,8,200,0,True,False,False,655c7aba7cb69f5cd300575d,9,550,1125,0,3
7,8,5,0,0,False,False,False,655c7aba7cb69f5cd300575d,9,550,1125,0,3
0,11,1,0,0,False,False,False,655c7aba7cb69f5cd300575d,10,650,1125,0,4
1,1,3,0,0,False,False,False,655c7aba7cb69f5cd300575d,10,650,1125,0,4
2,3,7,-50,1,False,True,True,655c7aba7cb69f5cd300575d,10,650,1125,0,4
3,7,10,200,0,True,False,False,655c7aba7cb69f5cd300575d,10,650,1125,0,4
4,10,5,-50,1,False,True,True,655c7aba7cb69f5cd300575d,10,650,1125,0,4
5,5,8,-50,2,False,True,True,655c7aba7cb69f5cd300575d,10,650,1125,0,4
6,8,11,400,0,True,False,False,655c7aba7cb69f5cd300575d,10,650,1125,0,4
7,11,5,-50,1,False,True,True,655c7aba7cb69f5cd300575d,10,650,1125,0,4
8,5,10,200,0,True,False,False,655c7aba7cb69f5cd300575d,10,650,1125,0,4
9,10,5,-50,1,False,True,True,655c7aba7cb69f5cd300575d,10,650,1125,0,4
0,8,3,200,0,True,False,False,655c7aba7cb69f5cd300575d,11,1400,1125,0,5
1,3,11,200,0,True,False,False,655c7aba7cb69f5cd300575d,11,1400,1125,0,5
2,11,7,200,0,True,False,False,655c7aba7cb69f5cd300575d,11,1400,1125,0,5
3,7,9,-50,1,False,True,True,655c7aba7cb69f5cd300575d,11,1400,1125,0,5
4,9,3,200,0,True,True,False,655c7aba7cb69f5cd300575d,11,1400,1125,0,5
5,3,6,0,0,False,False,False,655c7aba7cb69f5cd300575d,11,1400,1125,0,5
6,6,7,200,0,True,False,False,655c7aba7cb69f5cd300575d,11,1400,1125,0,5
7,7,3,200,0,True,False,False,655c7aba7cb69f5cd300575d,11,1400,1125,0,5
8,3,11,200,0,True,False,False,655c7aba7cb69f5cd300575d,11,1400,1125,0,5
9,11,2,-50,1,False,True,True,655c7aba7cb69f5cd300575d,11,1400,1125,0,5
0,0,7,0,0,False,False,False,655c7aba7cb69f5cd300575d,13,850,1125,0,6
1,7,10,0,0,False,False,False,655c7aba7cb69f5cd300575d,13,850,1125,0,6
2,10,4,0,0,False,False,False,655c7aba7cb69f5cd300575d,13,850,1125,0,6
3,4,9,0,0,False,False,False,655c7aba7cb69f5cd300575d,13,850,1125,0,6
4,9,10,200,0,True,False,False,655c7aba7cb69f5cd300575d,13,850,1125,0,6
5,10,9,200,0,True,True,False,655c7aba7cb69f5cd300575d,13,850,1125,0,6
6,9,6,-50,1,False,True,True,655c7aba7cb69f5cd300575d,13,850,1125,0,6
7,6,0,200,0,True,True,False,655c7aba7cb69f5cd300575d,13,850,1125,0,6
8,0,4,200,0,True,False,False,655c7aba7cb69f5cd300575d,13,850,1125,0,6
9,4,9,0,0,False,False,False,655c7aba7cb69f5cd300575d,13,850,1125,0,6
0,4,1,200,0,True,False,False,655c7aba7cb69f5cd300575d,14,1300,1125,0,7
1,1,5,200,0,True,False,False,655c7aba7cb69f5cd300575d,14,1300,1125,0,7
2,5,6,-50,1,False,True,True,655c7aba7cb69f5cd300575d,14,1300,1125,0,7
3,6,11,200,0,True,False,False,655c7aba7cb69f5cd300575d,14,1300,1125,0,7
4,11,10,0,0,False,False,False,655c7aba7cb69f5cd300575d,14,1300,1125,0,7
5,10,4,200,0,True,True,False,655c7aba7cb69f5cd300575d,14,1300,1125,0,7
6,4,1,200,0,True,False,False,655c7aba7cb69f5cd300575d,14,1300,1125,0,7
7,1,10,100,0,False,False,False,655c7aba7cb69f5cd300575d,14,1300,1125,0,7
8,10,4,200,0,True,True,False,655c7aba7cb69f5cd300575d,14,1300,1125,0,7
9,4,0,-50,1,False,True,True,655c7aba7cb69f5cd300575d,14,1300,1125,0,7
0,5,4,200,0,True,False,False,655c7aba7cb69f5cd300575d,15,1500,1125,0,8
1,4,9,100,0,True,False,False,655c7aba7cb69f5cd300575d,15,1500,1125,0,8
2,9,5,200,0,True,True,False,655c7aba7cb69f5cd300575d,15,1500,1125,0,8
3,5,8,0,0,False,False,False,655c7aba7cb69f5cd300575d,15,1500,1125,0,8
4,8,6,-50,1,False,True,True,655c7aba7cb69f5cd300575d,15,1500,1125,0,8
5,6,0,-50,2,False,True,True,655c7aba7cb69f5cd300575d,15,1500,1125,0,8
6,0,3,400,0,True,False,False,655c7aba7cb69f5cd300575d,15,1500,1125,0,8
7,3,9,200,0,True,False,False,655c7aba7cb69f5cd300575d,15,1500,1125,0,8
8,9,5,200,0,True,True,False,655c7aba7cb69f5cd300575d,15,1500,1125,0,8
9,5,4,200,0,True,False,False,655c7aba7cb69f5cd300575d,15,1500,1125,0,8
0,2,8,100,0,True,False,False,655c7aba7cb69f5cd300575d,16,850,1125,0,9
1,8,5,-50,1,False,True,True,655c7aba7cb69f5cd300575d,16,850,1125,0,9
2,5,8,200,0,True,False,False,655c7aba7cb69f5cd300575d,16,850,1125,0,9
3,8,2,0,0,False,False,False,655c7aba7cb69f5cd300575d,16,850,1125,0,9
4,2,4,0,0,False,False,False,655c7aba7cb69f5cd300575d,16,850,1125,0,9
5,4,7,200,0,True,False,False,655c7aba7cb69f5cd300575d,16,850,1125,0,9
6,7,3,100,0,True,False,False,655c7aba7cb69f5cd300575d,16,850,1125,0,9
7,3,2,100,0,True,False,False,655c7aba7cb69f5cd300575d,16,850,1125,0,9
8,2,8,100,0,True,False,False,655c7aba7cb69f5cd300575d,16,850,1125,0,9
9,8,2,0,0,False,False,False,655c7aba7cb69f5cd300575d,16,850,1125,0,9
0,8,4,100,0,True,False,False,655c7aba7cb69f5cd300575e,8,1000,1537,1,2
1,4,3,0,0,False,False,False,655c7aba7cb69f5cd300575e,8,1000,1537,1,2
2,3,6,100,0,False,False,False,655c7aba7cb69f5cd300575e,8,1000,1537,1,2
3,6,9,100,0,False,False,False,655c7aba7cb69f5cd300575e,8,1000,1537,1,2
4,9,0,-50,1,False,True,True,655c7aba7cb69f5cd300575e,8,1000,1537,1,2
5,0,9,200,0,True,False,False,655c7aba7cb69f5cd300575e,8,1000,1537,1,2
6,9,7,-50,1,False,True,True,655c7aba7cb69f5cd300575e,8,1000,1537,1,2
7,7,3,200,0,True,False,False,655c7aba7cb69f5cd300575e,8,1000,1537,1,2
8,3,4,200,0,True,False,False,655c7aba7cb69f5cd300575e,8,1000,1537,1,2
9,4,8,100,0,True,False,False,655c7aba7cb69f5cd300575e,8,1000,1537,1,2
0,3,5,200,0,True,False,False,655c7aba7cb69f5cd300575e,9,1600,1537,1,3
1,5,3,100,0,True,False,False,655c7aba7cb69f5cd300575e,9,1600,1537,1,3
2,3,5,200,0,True,False,False,655c7aba7cb69f5cd300575e,9,1600,1537,1,3
3,5,3,100,0,True,False,False,655c7aba7cb69f5cd300575e,9,1600,1537,1,3
4,3,5,200,0,True,False,False,655c7aba7cb69f5cd300575e,9,1600,1537,1,3
5,5,3,100,0,True,False,False,655c7aba7cb69f5cd300575e,9,1600,1537,1,3
6,3,5,200,0,True,False,False,655c7aba7cb69f5cd300575e,9,1600,1537,1,3
7,5,3,100,0,True,False,False,655c7aba7cb69f5cd300575e,9,1600,1537,1,3
8,3,5,200,0,True,False,False,655c7aba7cb69f5cd300575e,9,1600,1537,1,3
9,5,3,100,0,True,False,False,655c7aba7cb69f5cd300575e,9,1600,1537,1,3
0,1,10,200,0,True,False,False,655c7aba7cb69f5cd300575e,10,1400,1537,1,4
1,10,9,-50,1,False,True,True,655c7aba7cb69f5cd300575e,10,1400,1537,1,4
2,9,6,100,1,False,False,False,655c7aba7cb69f5cd300575e,10,1400,1537,1,4
3,6,4,200,0,True,False,False,655c7aba7cb69f5cd300575e,10,1400,1537,1,4
4,4,2,200,0,True,True,False,655c7aba7cb69f5cd300575e,10,1400,1537,1,4
5,2,1,200,0,True,False,False,655c7aba7cb69f5cd300575e,10,1400,1537,1,4
6,1,10,200,0,True,False,False,655c7aba7cb69f5cd300575e,10,1400,1537,1,4
7,10,9,-50,1,False,True,True,655c7aba7cb69f5cd300575e,10,1400,1537,1,4
8,9,6,100,1,False,False,False,655c7aba7cb69f5cd300575e,10,1400,1537,1,4
9,6,4,200,0,True,False,False,655c7aba7cb69f5cd300575e,10,1400,1537,1,4
0,5,1,100,0,True,False,False,655c7aba7cb69f5cd300575e,11,1500,1537,1,5
1,1,5,200,0,True,True,False,655c7aba7cb69f5cd300575e,11,1500,1537,1,5
2,5,1,100,0,True,False,False,655c7aba7cb69f5cd300575e,11,1500,1537,1,5
3,1,4,100,0,False,False,False,655c7aba7cb69f5cd300575e,11,1500,1537,1,5
4,4,6,200,0,True,False,False,655c7aba7cb69f5cd300575e,11,1500,1537,1,5
5,6,4,200,0,True,False,False,655c7aba7cb69f5cd300575e,11,1500,1537,1,5
6,4,6,200,0,True,False,False,655c7aba7cb69f5cd300575e,11,1500,1537,1,5
7,6,5,100,0,False,False,False,655c7aba7cb69f5cd300575e,11,1500,1537,1,5
8,5,1,100,0,True,False,False,655c7aba7cb69f5cd300575e,11,1500,1537,1,5
9,1,4,100,0,False,False,False,655c7aba7cb69f5cd300575e,11,1500,1537,1,5
0,6,1,200,0,True,False,False,655c7aba7cb69f5cd300575e,13,1300,1537,1,6
1,1,5,200,0,True,False,False,655c7aba7cb69f5cd300575e,13,1300,1537,1,6
2,5,10,100,0,True,False,False,655c7aba7cb69f5cd300575e,13,1300,1537,1,6
3,10,5,100,0,True,False,False,655c7aba7cb69f5cd300575e,13,1300,1537,1,6
4,5,10,100,0,True,False,False,655c7aba7cb69f5cd300575e,13,1300,1537,1,6
5,10,5,100,0,True,False,False,655c7aba7cb69f5cd300575e,13,1300,1537,1,6
6,5,10,100,0,True,False,False,655c7aba7cb69f5cd300575e,13,1300,1537,1,6
7,10,5,100,0,True,False,False,655c7aba7cb69f5cd300575e,13,1300,1537,1,6
8,5,10,100,0,True,False,False,655c7aba7cb69f5cd300575e,13,1300,1537,1,6
9,10,5,100,0,True,False,False,655c7aba7cb69f5cd300575e,13,1300,1537,1,6
0,3,6,0,0,True,False,False,655c7aba7cb69f5cd300575e,14,1450,1537,1,7
1,6,8,200,0,True,True,False,655c7aba7cb69f5cd300575e,14,1450,1537,1,7
2,8,2,200,0,True,False,False,655c7aba7cb69f5cd300575e,14,1450,1537,1,7
3,2,3,200,0,True,False,False,655c7aba7cb69f5cd300575e,14,1450,1537,1,7
4,3,6,0,0,True,False,False,655c7aba7cb69f5cd300575e,14,1450,1537,1,7
5,6,8,200,0,True,True,False,655c7aba7cb69f5cd300575e,14,1450,1537,1,7
6,8,2,200,0,True,False,False,655c7aba7cb69f5cd300575e,14,1450,1537,1,7
7,2,3,200,0,True,False,False,655c7aba7cb69f5cd300575e,14,1450,1537,1,7
8,3,4,-50,1,False,True,True,655c7aba7cb69f5cd300575e,14,1450,1537,1,7
9,4,11,200,0,True,False,False,655c7aba7cb69f5cd300575e,14,1450,1537,1,7
0,3,0,200,0,True,False,False,655c7aba7cb69f5cd300575e,15,1900,1537,1,8
1,0,10,200,0,True,False,False,655c7aba7cb69f5cd300575e,15,1900,1537,1,8
2,10,6,200,0,True,True,False,655c7aba7cb69f5cd300575e,15,1900,1537,1,8
3,6,3,100,0,False,False,False,655c7aba7cb69f5cd300575e,15,1900,1537,1,8
4,3,0,200,0,True,False,False,655c7aba7cb69f5cd300575e,15,1900,1537,1,8
5,0,10,200,0,True,False,False,655c7aba7cb69f5cd300575e,15,1900,1537,1,8
6,10,6,200,0,True,True,False,655c7aba7cb69f5cd300575e,15,1900,1537,1,8
7,6,3,100,0,False,False,False,655c7aba7cb69f5cd300575e,15,1900,1537,1,8
8,3,0,200,0,True,False,False,655c7aba7cb69f5cd300575e,15,1900,1537,1,8
9,0,10,200,0,True,False,False,655c7aba7cb69f5cd300575e,15,1900,1537,1,8
0,7,11,100,0,True,False,False,655c7aba7cb69f5cd300575e,16,1500,1537,1,9
1,11,2,100,0,True,False,False,655c7aba7cb69f5cd300575e,16,1500,1537,1,9
2,2,5,200,0,True,False,False,655c7aba7cb69f5cd300575e,16,1500,1537,1,9
3,5,7,200,0,True,False,False,655c7aba7cb69f5cd300575e,16,1500,1537,1,9
4,7,11,100,0,True,False,False,655c7aba7cb69f5cd300575e,16,1500,1537,1,9
5,11,2,100,0,True,False,False,655c7aba7cb69f5cd300575e,16,1500,1537,1,9
6,2,5,200,0,True,False,False,655c7aba7cb69f5cd300575e,16,1500,1537,1,9
7,5,7,200,0,True,False,False,655c7aba7cb69f5cd300575e,16,1500,1537,1,9
8,7,11,100,0,True,False,False,655c7aba7cb69f5cd300575e,16,1500,1537,1,9
9,11,2,100,0,True,False,False,655c7aba7cb69f5cd300575e,16,1500,1537,1,9
0,6,9,200,0,True,False,False,655c7aba7cb69f5cd300575f,4,1800,1425,2,0
1,9,1,200,0,True,False,False,655c7aba7cb69f5cd300575f,4,1800,1425,2,0
2,1,6,100,0,True,False,False,655c7aba7cb69f5cd300575f,4,1800,1425,2,0
3,6,9,200,0,True,False,False,655c7aba7cb69f5cd300575f,4,1800,1425,2,0
4,9,1,200,0,True,False,False,655c7aba7cb69f5cd300575f,4,1800,1425,2,0
5,1,6,100,0,True,False,False,655c7aba7cb69f5cd300575f,4,1800,1425,2,0
6,6,9,200,0,True,False,False,655c7aba7cb69f5cd300575f,4,1800,1425,2,0
7,9,1,200,0,True,False,False,655c7aba7cb69f5cd300575f,4,1800,1425,2,0
8,1,6,100,0,True,False,False,655c7aba7cb69f5cd300575f,4,1800,1425,2,0
9,6,9,200,0,True,False,False,655c7aba7cb69f5cd300575f,4,1800,1425,2,0
0,7,0,200,0,True,False,False,655c7aba7cb69f5cd300575f,5,1750,1425,2,1
1,0,3,200,0,True,False,False,655c7aba7cb69f5cd300575f,5,1750,1425,2,1
2,3,10,0,0,True,False,False,655c7aba7cb69f5cd300575f,5,1750,1425,2,1
3,10,9,-50,1,False,True,True,655c7aba7cb69f5cd300575f,5,1750,1425,2,1
4,9,5,-50,2,False,True,True,655c7aba7cb69f5cd300575f,5,1750,1425,2,1
5,5,4,-50,3,False,True,True,655c7aba7cb69f5cd300575f,5,1750,1425,2,1
6,4,2,400,3,True,True,False,655c7aba7cb69f5cd300575f,5,1750,1425,2,1
7,2,6,400,3,True,True,False,655c7aba7cb69f5cd300575f,5,1750,1425,2,1
8,6,2,400,3,True,True,False,655c7aba7cb69f5cd300575f,5,1750,1425,2,1
9,2,5,200,2,False,False,False,655c7aba7cb69f5cd300575f,5,1750,1425,2,1
0,11,4,200,0,True,False,False,655c7aba7cb69f5cd300575f,8,1500,1425,2,2
1,4,1,-50,1,False,True,True,655c7aba7cb69f5cd300575f,8,1500,1425,2,2
2,1,3,200,0,True,False,False,655c7aba7cb69f5cd300575f,8,1500,1425,2,2
3,3,6,200,0,True,True,False,655c7aba7cb69f5cd300575f,8,1500,1425,2,2
4,6,4,200,0,True,False,False,655c7aba7cb69f5cd300575f,8,1500,1425,2,2
5,4,3,100,0,True,False,False,655c7aba7cb69f5cd300575f,8,1500,1425,2,2
6,3,6,200,0,True,True,False,655c7aba7cb69f5cd300575f,8,1500,1425,2,2
7,6,4,200,0,True,False,False,655c7aba7cb69f5cd300575f,8,1500,1425,2,2
8,4,1,-50,1,False,True,True,655c7aba7cb69f5cd300575f,8,1500,1425,2,2
9,1,3,200,0,True,False,False,655c7aba7cb69f5cd300575f,8,1500,1425,2,2
0,4,5,0,0,False,False,False,655c7aba7cb69f5cd300575f,9,1500,1425,2,3
1,5,11,200,0,True,True,False,655c7aba7cb69f5cd300575f,9,1500,1425,2,3
2,11,4,200,0,True,False,False,655c7aba7cb69f5cd300575f,9,1500,1425,2,3
3,4,7,100,0,True,False,False,655c7aba7cb69f5cd300575f,9,1500,1425,2,3
4,7,3,200,0,True,False,False,655c7aba7cb69f5cd300575f,9,1500,1425,2,3
5,3,11,100,0,True,False,False,655c7aba7cb69f5cd300575f,9,1500,1425,2,3
6,11,4,200,0,True,False,False,655c7aba7cb69f5cd300575f,9,1500,1425,2,3
7,4,7,100,0,True,False,False,655c7aba7cb69f5cd300575f,9,1500,1425,2,3
8,7,3,200,0,True,False,False,655c7aba7cb69f5cd300575f,9,1500,1425,2,3
9,3,11,100,0,True,False,False,655c7aba7cb69f5cd300575f,9,1500,1425,2,3
0,9,4,200,0,True,False,False,655c7aba7cb69f5cd300575f,10,1600,1425,2,4
1,4,3,200,0,True,True,False,655c7aba7cb69f5cd300575f,10,1600,1425,2,4
2,3,9,100,0,False,False,False,655c7aba7cb69f5cd300575f,10,1600,1425,2,4
3,9,4,200,0,True,False,False,655c7aba7cb69f5cd300575f,10,1600,1425,2,4
4,4,7,100,0,False,False,False,655c7aba7cb69f5cd300575f,10,1600,1425,2,4
5,7,2,100,0,False,False,False,655c7aba7cb69f5cd300575f,10,1600,1425,2,4
6,2,7,100,0,True,False,False,655c7aba7cb69f5cd300575f,10,1600,1425,2,4
7,7,4,200,0,True,False,False,655c7aba7cb69f5cd300575f,10,1600,1425,2,4
8,4,3,200,0,True,True,False,655c7aba7cb69f5cd300575f,10,1600,1425,2,4
9,3,9,100,0,False,False,False,655c7aba7cb69f5cd300575f,10,1600,1425,2,4
0,7,2,200,0,True,False,False,655c7aba7cb69f5cd300575f,11,1200,1425,2,5
1,2,1,100,0,True,False,False,655c7aba7cb69f5cd300575f,11,1200,1425,2,5
2,1,11,100,0,False,False,False,655c7aba7cb69f5cd300575f,11,1200,1425,2,5
3,11,7,0,0,True,False,False,655c7aba7cb69f5cd300575f,11,1200,1425,2,5
4,7,2,200,0,True,False,False,655c7aba7cb69f5cd300575f,11,1200,1425,2,5
5,2,1,100,0,True,False,False,655c7aba7cb69f5cd300575f,11,1200,1425,2,5
6,1,2,200,0,True,False,False,655c7aba7cb69f5cd300575f,11,1200,1425,2,5
7,2,1,100,0,True,False,False,655c7aba7cb69f5cd300575f,11,1200,1425,2,5
8,1,11,100,0,False,False,False,655c7aba7cb69f5cd300575f,11,1200,1425,2,5
9,11,7,0,0,True,False,False,655c7aba7cb69f5cd300575f,11,1200,1425,2,5
0,1,4,100,0,True,False,False,655c7aba7cb69f5cd300575f,13,800,1425,2,6
1,4,3,0,0,True,False,False,655c7aba7cb69f5cd300575f,13,800,1425,2,6
2,3,1,100,0,True,False,False,655c7aba7cb69f5cd300575f,13,800,1425,2,6
3,1,4,100,0,True,False,False,655c7aba7cb69f5cd300575f,13,800,1425,2,6
4,4,3,0,0,True,False,False,655c7aba7cb69f5cd300575f,13,800,1425,2,6
5,3,1,100,0,True,False,False,655c7aba7cb69f5cd300575f,13,800,1425,2,6
6,1,4,100,0,True,False,False,655c7aba7cb69f5cd300575f,13,800,1425,2,6
7,4,3,0,0,True,False,False,655c7aba7cb69f5cd300575f,13,800,1425,2,6
8,3,1,100,0,True,False,False,655c7aba7cb69f5cd300575f,13,800,1425,2,6
9,1,4,100,0,True,False,False,655c7aba7cb69f5cd300575f,13,800,1425,2,6
0,7,9,100,0,True,False,False,655c7aba7cb69f5cd300575f,14,1400,1425,2,7
1,9,10,100,0,True,False,False,655c7aba7cb69f5cd300575f,14,1400,1425,2,7
2,10,7,200,0,True,True,False,655c7aba7cb69f5cd300575f,14,1400,1425,2,7
3,7,9,100,0,True,False,False,655c7aba7cb69f5cd300575f,14,1400,1425,2,7
4,9,10,100,0,True,False,False,655c7aba7cb69f5cd300575f,14,1400,1425,2,7
5,10,3,100,0,False,False,False,655c7aba7cb69f5cd300575f,14,1400,1425,2,7
6,3,9,200,0,True,False,False,655c7aba7cb69f5cd300575f,14,1400,1425,2,7
7,9,10,100,0,True,False,False,655c7aba7cb69f5cd300575f,14,1400,1425,2,7
8,10,7,200,0,True,True,False,655c7aba7cb69f5cd300575f,14,1400,1425,2,7
9,7,9,100,0,True,False,False,655c7aba7cb69f5cd300575f,14,1400,1425,2,7
0,4,0,200,0,True,False,False,655c7aba7cb69f5cd300575f,15,2100,1425,2,8
1,0,4,200,0,True,True,False,655c7aba7cb69f5cd300575f,15,2100,1425,2,8
2,4,0,200,0,True,False,False,655c7aba7cb69f5cd300575f,15,2100,1425,2,8
3,0,4,200,0,True,True,False,655c7aba7cb69f5cd300575f,15,2100,1425,2,8
4,4,0,200,0,True,False,False,655c7aba7cb69f5cd300575f,15,2100,1425,2,8
5,0,4,200,0,True,True,False,655c7aba7cb69f5cd300575f,15,2100,1425,2,8
6,4,0,200,0,True,False,False,655c7aba7cb69f5cd300575f,15,2100,1425,2,8
7,0,4,200,0,True,True,False,655c7aba7cb69f5cd300575f,15,2100,1425,2,8
8,4,0,200,0,True,False,False,655c7aba7cb69f5cd300575f,15,2100,1425,2,8
9,0,4,200,0,True,True,False,655c7aba7cb69f5cd300575f,15,2100,1425,2,8
0,4,6,100,0,True,False,False,655c7aba7cb69f5cd300575f,16,1400,1425,2,9
1,6,8,0,0,True,False,False,655c7aba7cb69f5cd300575f,16,1400,1425,2,9
2,8,2,200,0,True,False,False,655c7aba7cb69f5cd300575f,16,1400,1425,2,9
3,2,6,200,0,True,False,False,655c7aba7cb69f5cd300575f,16,1400,1425,2,9
4,6,8,0,0,True,False,False,655c7aba7cb69f5cd300575f,16,1400,1425,2,9
5,8,2,200,0,True,False,False,655c7aba7cb69f5cd300575f,16,1400,1425,2,9
6,2,6,200,0,True,False,False,655c7aba7cb69f5cd300575f,16,1400,1425,2,9
7,6,8,0,0,True,False,False,655c7aba7cb69f5cd300575f,16,1400,1425,2,9
8,8,2,200,0,True,False,False,655c7aba7cb69f5cd300575f,16,1400,1425,2,9
9,2,6,200,0,True,False,False,655c7aba7cb69f5cd300575f,16,1400,1425,2,9
0,2,10,100,0,True,False,False,655c7aba7cb69f5cd3005760,4,950,1425,3,0
1,10,5,-50,1,False,True,True,655c7aba7cb69f5cd3005760,4,950,1425,3,0
2,5,1,-50,2,False,True,True,655c7aba7cb69f5cd3005760,4,950,1425,3,0
3,1,6,400,0,True,False,False,655c7aba7cb69f5cd3005760,4,950,1425,3,0
4,6,11,100,0,False,False,False,655c7aba7cb69f5cd3005760,4,950,1425,3,0
5,11,2,100,0,False,False,False,655c7aba7cb69f5cd3005760,4,950,1425,3,0
6,2,3,-50,1,False,True,True,655c7aba7cb69f5cd3005760,4,950,1425,3,0
7,3,1,-50,2,False,True,True,655c7aba7cb69f5cd3005760,4,950,1425,3,0
8,1,9,-50,3,False,True,True,655c7aba7cb69f5cd3005760,4,950,1425,3,0
9,9,0,400,3,True,True,False,655c7aba7cb69f5cd3005760,4,950,1425,3,0
0,3,7,200,0,True,False,False,655c7aba7cb69f5cd3005760,5,2100,1425,3,1
1,7,9,200,0,True,True,False,655c7aba7cb69f5cd3005760,5,2100,1425,3,1
2,9,11,200,0,True,True,False,655c7aba7cb69f5cd3005760,5,2100,1425,3,1
3,11,3,200,0,True,True,False,655c7aba7cb69f5cd3005760,5,2100,1425,3,1
4,3,7,200,0,True,False,False,655c7aba7cb69f5cd3005760,5,2100,1425,3,1
5,7,9,200,0,True,True,False,655c7aba7cb69f5cd3005760,5,2100,1425,3,1
6,9,11,200,0,True,True,False,655c7aba7cb69f5cd3005760,5,2100,1425,3,1
7,11,3,200,0,True,True,False,655c7aba7cb69f5cd3005760,5,2100,1425,3,1
8,3,7,200,0,True,False,False,655c7aba7cb69f5cd3005760,5,2100,1425,3,1
9,7,9,200,0,True,True,False,655c7aba7cb69f5cd3005760,5,2100,1425,3,1
0,2,10,200,0,True,False,False,655c7aba7cb69f5cd3005760,8,1300,1425,3,2
1,10,6,-50,1,False,True,True,655c7aba7cb69f5cd3005760,8,1300,1425,3,2
2,6,1,200,0,True,False,False,655c7aba7cb69f5cd3005760,8,1300,1425,3,2
3,1,10,100,0,True,False,False,655c7aba7cb69f5cd3005760,8,1300,1425,3,2
4,10,6,-50,1,False,True,True,655c7aba7cb69f5cd3005760,8,1300,1425,3,2
5,6,1,200,0,True,False,False,655c7aba7cb69f5cd3005760,8,1300,1425,3,2
6,1,4,0,0,False,False,False,655c7aba7cb69f5cd3005760,8,1300,1425,3,2
7,4,8,200,0,True,False,False,655c7aba7cb69f5cd3005760,8,1300,1425,3,2
8,8,4,200,0,True,True,False,655c7aba7cb69f5cd3005760,8,1300,1425,3,2
9,4,8,200,0,True,False,False,655c7aba7cb69f5cd3005760,8,1300,1425,3,2
0,2,9,100,0,True,False,False,655c7aba7cb69f5cd3005760,9,1500,1425,3,3
1,9,3,100,0,True,False,False,655c7aba7cb69f5cd3005760,9,1500,1425,3,3
2,3,9,200,0,True,True,False,655c7aba7cb69f5cd3005760,9,1500,1425,3,3
3,9,3,100,0,True,False,False,655c7aba7cb69f5cd3005760,9,1500,1425,3,3
4,3,9,200,0,True,True,False,655c7aba7cb69f5cd3005760,9,1500,1425,3,3
5,9,3,100,0,True,False,False,655c7aba7cb69f5cd3005760,9,1500,1425,3,3
6,3,9,200,0,True,True,False,655c7aba7cb69f5cd3005760,9,1500,1425,3,3
7,9,3,100,0,True,False,False,655c7aba7cb69f5cd3005760,9,1500,1425,3,3
8,3,9,200,0,True,True,False,655c7aba7cb69f5cd3005760,9,1500,1425,3,3
9,9,3,100,0,True,False,False,655c7aba7cb69f5cd3005760,9,1500,1425,3,3
0,2,9,200,0,True,False,False,655c7aba7cb69f5cd3005760,10,1800,1425,3,4
1,9,0,100,0,True,False,False,655c7aba7cb69f5cd3005760,10,1800,1425,3,4
2,0,6,100,0,False,False,False,655c7aba7cb69f5cd3005760,10,1800,1425,3,4
3,6,0,200,0,True,False,False,655c7aba7cb69f5cd3005760,10,1800,1425,3,4
4,0,2,200,0,True,True,False,655c7aba7cb69f5cd3005760,10,1800,1425,3,4
5,2,5,100,0,False,False,False,655c7aba7cb69f5cd3005760,10,1800,1425,3,4
6,5,6,200,0,True,False,False,655c7aba7cb69f5cd3005760,10,1800,1425,3,4
7,6,0,200,0,True,False,False,655c7aba7cb69f5cd3005760,10,1800,1425,3,4
8,0,2,200,0,True,True,False,655c7aba7cb69f5cd3005760,10,1800,1425,3,4
9,2,9,200,0,True,False,False,655c7aba7cb69f5cd3005760,10,1800,1425,3,4
0,8,2,200,0,True,False,False,655c7aba7cb69f5cd3005760,11,2100,1425,3,5
1,2,5,200,0,True,False,False,655c7aba7cb69f5cd3005760,11,2100,1425,3,5
2,5,7,200,0,True,False,False,655c7aba7cb69f5cd3005760,11,2100,1425,3,5
3,7,2,200,0,True,False,False,655c7aba7cb69f5cd3005760,11,2100,1425,3,5
4,2,5,200,0,True,False,False,655c7aba7cb69f5cd3005760,11,2100,1425,3,5
5,5,7,200,0,True,False,False,655c7aba7cb69f5cd3005760,11,2100,1425,3,5
6,7,2,200,0,True,False,False,655c7aba7cb69f5cd3005760,11,2100,1425,3,5
7,2,5,200,0,True,False,False,655c7aba7cb69f5cd3005760,11,2100,1425,3,5
8,5,7,200,0,True,False,False,655c7aba7cb69f5cd3005760,11,2100,1425,3,5
9,7,2,200,0,True,False,False,655c7aba7cb69f5cd3005760,11,2100,1425,3,5
0,1,11,100,0,True,False,False,655c7aba7cb69f5cd3005760,13,1600,1425,3,6
1,11,0,200,0,True,True,False,655c7aba7cb69f5cd3005760,13,1600,1425,3,6
2,0,7,100,0,True,False,False,655c7aba7cb69f5cd3005760,13,1600,1425,3,6
3,7,0,200,0,True,True,False,655c7aba7cb69f5cd3005760,13,1600,1425,3,6
4,0,7,100,0,True,False,False,655c7aba7cb69f5cd3005760,13,1600,1425,3,6
5,7,0,200,0,True,True,False,655c7aba7cb69f5cd3005760,13,1600,1425,3,6
6,0,7,100,0,True,False,False,655c7aba7cb69f5cd3005760,13,1600,1425,3,6
7,7,0,200,0,True,True,False,655c7aba7cb69f5cd3005760,13,1600,1425,3,6
8,0,7,100,0,True,False,False,655c7aba7cb69f5cd3005760,13,1600,1425,3,6
9,7,0,200,0,True,True,False,655c7aba7cb69f5cd3005760,13,1600,1425,3,6
0,8,5,200,0,True,False,False,655c7aba7cb69f5cd3005760,14,1500,1425,3,7
1,5,1,200,0,True,False,False,655c7aba7cb69f5cd3005760,14,1500,1425,3,7
2,1,0,200,0,True,False,False,655c7aba7cb69f5cd3005760,14,1500,1425,3,7
3,0,5,0,0,True,False,False,655c7aba7cb69f5cd3005760,14,1500,1425,3,7
4,5,1,200,0,True,False,False,655c7aba7cb69f5cd3005760,14,1500,1425,3,7
5,1,0,200,0,True,False,False,655c7aba7cb69f5cd3005760,14,1500,1425,3,7
6,0,5,0,0,True,False,False,655c7aba7cb69f5cd3005760,14,1500,1425,3,7
7,5,1,200,0,True,False,False,655c7aba7cb69f5cd3005760,14,1500,1425,3,7
8,1,0,200,0,True,False,False,655c7aba7cb69f5cd3005760,14,1500,1425,3,7
9,0,5,0,0,True,False,False,655c7aba7cb69f5cd3005760,14,1500,1425,3,7
0,7,5,100,0,True,False,False,655c7aba7cb69f5cd3005760,15,1400,1425,3,8
1,5,7,200,0,True,True,False,655c7aba7cb69f5cd3005760,15,1400,1425,3,8
2,7,5,100,0,True,False,False,655c7aba7cb69f5cd3005760,15,1400,1425,3,8
3,5,7,200,0,True,True,False,655c7aba7cb69f5cd3005760,15,1400,1425,3,8
4,7,5,100,0,True,False,False,655c7aba7cb69f5cd3005760,15,1400,1425,3,8
5,5,0,100,0,False,False,False,655c7aba7cb69f5cd3005760,15,1400,1425,3,8
6,0,7,100,0,False,False,False,655c7aba7cb69f5cd3005760,15,1400,1425,3,8
7,7,5,100,0,True,False,False,655c7aba7cb69f5cd3005760,15,1400,1425,3,8
8,5,0,100,0,False,False,False,655c7aba7cb69f5cd3005760,15,1400,1425,3,8
9,0,5,200,0,True,False,False,655c7aba7cb69f5cd3005760,15,1400,1425,3,8
0,11,1,100,0,True,False,False,655c7aba7cb69f5cd3005760,16,1200,1425,3,9
1,1,5,100,0,True,False,False,655c7aba7cb69f5cd3005760,16,1200,1425,3,9
2,5,3,200,0,True,False,False,655c7aba7cb69f5cd3005760,16,1200,1425,3,9
3,3,11,100,0,True,False,False,655c7aba7cb69f5cd3005760,16,1200,1425,3,9
4,11,1,100,0,True,False,False,655c7aba7cb69f5cd3005760,16,1200,1425,3,9
5,1,5,100,0,True,False,False,655c7aba7cb69f5cd3005760,16,1200,1425,3,9
6,5,11,100,0,False,False,False,655c7aba7cb69f5cd3005760,16,1200,1425,3,9
7,11,1,100,0,True,False,False,655c7aba7cb69f5cd3005760,16,1200,1425,3,9
8,1,5,100,0,True,False,False,655c7aba7cb69f5cd3005760,16,1200,1425,3,9
9,5,11,100,0,False,False,False,655c7aba7cb69f5cd3005760,16,1200,1425,3,9
0,4,5,200,0,True,False,False,655c7aba7cb69f5cd3005761,4,900,1087,4,0
1,5,0,100,0,True,False,False,655c7aba7cb69f5cd3005761,4,900,1087,4,0
2,0,4,200,0,True,False,False,655c7aba7cb69f5cd3005761,4,900,1087,4,0
3,4,5,200,0,True,False,False,655c7aba7cb69f5cd3005761,4,900,1087,4,0
4,5,6,-50,1,False,True,True,655c7aba7cb69f5cd3005761,4,900,1087,4,0
5,6,11,200,0,True,False,False,655c7aba7cb69f5cd3005761,4,900,1087,4,0
6,11,2,100,0,True,False,False,655c7aba7cb69f5cd3005761,4,900,1087,4,0
0,11,2,200,0,True,False,False,655c7aba7cb69f5cd3005761,5,750,1087,4,1
1,2,8,100,0,False,False,False,655c7aba7cb69f5cd3005761,5,750,1087,4,1
2,8,0,0,0,False,False,False,655c7aba7cb69f5cd3005761,5,750,1087,4,1
3,0,3,200,0,True,False,False,655c7aba7cb69f5cd3005761,5,750,1087,4,1
4,3,8,0,0,False,False,False,655c7aba7cb69f5cd3005761,5,750,1087,4,1
5,8,11,100,0,True,False,False,655c7aba7cb69f5cd3005761,5,750,1087,4,1
6,11,2,200,0,True,False,False,655c7aba7cb69f5cd3005761,5,750,1087,4,1
0,7,9,100,0,False,False,False,655c7aba7cb69f5cd3005761,8,750,1087,4,2
1,9,11,100,0,False,False,False,655c7aba7cb69f5cd3005761,8,750,1087,4,2
2,11,0,200,0,True,False,False,655c7aba7cb69f5cd3005761,8,750,1087,4,2
3,0,3,-50,1,False,True,True,655c7aba7cb69f5cd3005761,8,750,1087,4,2
4,3,5,100,1,True,False,False,655c7aba7cb69f5cd3005761,8,750,1087,4,2
5,5,10,200,0,True,False,False,655c7aba7cb69f5cd3005761,8,750,1087,4,2
6,10,0,100,0,True,False,False,655c7aba7cb69f5cd3005761,8,750,1087,4,2
7,0,7,0,0,False,False,False,655c7aba7cb69f5cd3005761,8,750,1087,4,2
0,6,5,0,0,False,False,False,655c7aba7cb69f5cd3005761,9,1250,1087,4,3
1,5,9,200,0,True,False,False,655c7aba7cb69f5cd3005761,9,1250,1087,4,3
2,9,0,200,0,True,False,False,655c7aba7cb69f5cd3005761,9,1250,1087,4,3
3,0,4,200,0,True,True,False,655c7aba7cb69f5cd3005761,9,1250,1087,4,3
4,4,10,-50,1,False,True,True,655c7aba7cb69f5cd3005761,9,1250,1087,4,3
5,10,11,100,1,True,False,False,655c7aba7cb69f5cd3005761,9,1250,1087,4,3
6,11,2,-50,2,False,True,True,655c7aba7cb69f5cd3005761,9,1250,1087,4,3
7,2,7,-50,3,False,True,True,655c7aba7cb69f5cd3005761,9,1250,1087,4,3
8,7,3,400,3,True,True,False,655c7aba7cb69f5cd3005761,9,1250,1087,4,3
9,3,2,200,2,False,False,False,655c7aba7cb69f5cd3005761,9,1250,1087,4,3
0,11,0,100,0,False,False,False,655c7aba7cb69f5cd3005761,10,1100,1087,4,4
1,0,11,200,0,True,False,False,655c7aba7cb69f5cd3005761,10,1100,1087,4,4
2,11,7,200,0,True,False,False,655c7aba7cb69f5cd3005761,10,1100,1087,4,4
3,7,8,100,0,False,False,False,655c7aba7cb69f5cd3005761,10,1100,1087,4,4
4,8,11,100,0,True,False,False,655c7aba7cb69f5cd3005761,10,1100,1087,4,4
5,11,7,200,0,True,False,False,655c7aba7cb69f5cd3005761,10,1100,1087,4,4
6,7,10,0,0,False,False,False,655c7aba7cb69f5cd3005761,10,1100,1087,4,4
7,10,11,200,0,True,False,False,655c7aba7cb69f5cd3005761,10,1100,1087,4,4
8,11,5,-50,1,False,True,True,655c7aba7cb69f5cd3005761,10,1100,1087,4,4
9,5,1,-50,2,False,True,True,655c7aba7cb69f5cd3005761,10,1100,1087,4,4
0,0,9,200,0,True,False,False,655c7aba7cb69f5cd3005761,11,1650,1087,4,5
1,9,3,100,0,True,False,False,655c7aba7cb69f5cd3005761,11,1650,1087,4,5
2,3,1,200,0,True,False,False,655c7aba7cb69f5cd3005761,11,1650,1087,4,5
3,1,0,200,0,True,False,False,655c7aba7cb69f5cd3005761,11,1650,1087,4,5
4,0,9,200,0,True,False,False,655c7aba7cb69f5cd3005761,11,1650,1087,4,5
5,9,6,-50,1,False,True,True,655c7aba7cb69f5cd3005761,11,1650,1087,4,5
6,6,10,200,0,True,True,False,655c7aba7cb69f5cd3005761,11,1650,1087,4,5
7,10,9,200,0,True,True,False,655c7aba7cb69f5cd3005761,11,1650,1087,4,5
8,9,3,100,0,True,False,False,655c7aba7cb69f5cd3005761,11,1650,1087,4,5
9,3,1,200,0,True,False,False,655c7aba7cb69f5cd3005761,11,1650,1087,4,5
0,2,4,0,0,False,False,False,655c7aba7cb69f5cd3005761,13,900,1087,4,6
1,4,8,100,0,True,False,False,655c7aba7cb69f5cd3005761,13,900,1087,4,6
2,8,7,200,0,True,False,False,655c7aba7cb69f5cd3005761,13,900,1087,4,6
3,7,2,100,0,True,False,False,655c7aba7cb69f5cd3005761,13,900,1087,4,6
4,2,11,-50,1,False,True,True,655c7aba7cb69f5cd3005761,13,900,1087,4,6
5,11,9,-50,2,False,True,True,655c7aba7cb69f5cd3005761,13,900,1087,4,6
6,9,4,400,0,True,False,False,655c7aba7cb69f5cd3005761,13,900,1087,4,6
7,4,10,0,0,False,False,False,655c7aba7cb69f5cd3005761,13,900,1087,4,6
8,10,2,100,0,False,False,False,655c7aba7cb69f5cd3005761,13,900,1087,4,6
9,2,4,0,0,False,False,False,655c7aba7cb69f5cd3005761,13,900,1087,4,6
0,8,2,200,0,True,False,False,655c7aba7cb69f5cd3005761,14,1250,1087,4,7
1,2,1,100,0,False,False,False,655c7aba7cb69f5cd3005761,14,1250,1087,4,7
2,1,3,200,0,True,True,False,655c7aba7cb69f5cd3005761,14,1250,1087,4,7
3,3,0,200,0,True,False,False,655c7aba7cb69f5cd3005761,14,1250,1087,4,7
4,0,1,200,0,True,False,False,655c7aba7cb69f5cd3005761,14,1250,1087,4,7
5,1,3,200,0,True,True,False,655c7aba7cb69f5cd3005761,14,1250,1087,4,7
6,3,0,200,0,True,False,False,655c7aba7cb69f5cd3005761,14,1250,1087,4,7
7,0,9,-50,1,False,True,True,655c7aba7cb69f5cd3005761,14,1250,1087,4,7
8,9,10,-50,2,False,True,True,655c7aba7cb69f5cd3005761,14,1250,1087,4,7
9,10,7,-50,3,False,True,True,655c7aba7cb69f5cd3005761,14,1250,1087,4,7
0,1,10,100,0,True,False,False,655c7aba7cb69f5cd3005761,15,1400,1087,4,8
1,10,11,0,0,True,False,False,655c7aba7cb69f5cd3005761,15,1400,1087,4,8
2,11,9,200,0,True,True,False,655c7aba7cb69f5cd3005761,15,1400,1087,4,8
3,9,4,200,0,True,True,False,655c7aba7cb69f5cd3005761,15,1400,1087,4,8
4,4,1,200,0,True,False,False,655c7aba7cb69f5cd3005761,15,1400,1087,4,8
5,1,10,100,0,True,False,False,655c7aba7cb69f5cd3005761,15,1400,1087,4,8
6,10,8,-50,1,False,True,True,655c7aba7cb69f5cd3005761,15,1400,1087,4,8
7,8,3,-50,2,False,True,True,655c7aba7cb69f5cd3005761,15,1400,1087,4,8
8,3,9,400,0,True,False,False,655c7aba7cb69f5cd3005761,15,1400,1087,4,8
9,9,4,200,0,True,True,False,655c7aba7cb69f5cd3005761,15,1400,1087,4,8
0,10,4,-50,1,False,True,True,655c7aba7cb69f5cd3005761,16,800,1087,4,9
1,4,3,200,0,True,False,False,655c7aba7cb69f5cd3005761,16,800,1087,4,9
2,3,11,0,0,True,False,False,655c7aba7cb69f5cd3005761,16,800,1087,4,9
3,11,8,200,0,True,False,False,655c7aba7cb69f5cd3005761,16,800,1087,4,9
4,8,5,-50,1,False,True,True,655c7aba7cb69f5cd3005761,16,800,1087,4,9
5,5,3,200,0,True,False,False,655c7aba7cb69f5cd3005761,16,800,1087,4,9
6,3,4,-50,1,False,True,True,655c7aba7cb69f5cd3005761,16,800,1087,4,9
7,4,10,200,0,True,False,False,655c7aba7cb69f5cd3005761,16,800,1087,4,9
8,10,8,100,0,False,False,False,655c7aba7cb69f5cd3005761,16,800,1087,4,9
9,8,5,-50,1,False,True,True,655c7aba7cb69f5cd3005761,16,800,1087,4,9
0,1,0,-50,1,False,True,True,655c7aba7cb69f5cd3005762,4,900,1375,5,0
1,0,3,200,0,True,False,False,655c7aba7cb69f5cd3005762,4,900,1375,5,0
2,3,10,200,0,True,False,False,655c7aba7cb69f5cd3005762,4,900,1375,5,0
3,10,0,-50,1,False,True,True,655c7aba7cb69f5cd3005762,4,900,1375,5,0
4,0,5,200,0,True,False,False,655c7aba7cb69f5cd3005762,4,900,1375,5,0
5,5,6,0,0,False,False,False,655c7aba7cb69f5cd3005762,4,900,1375,5,0
6,6,4,-50,1,False,True,True,655c7aba7cb69f5cd3005762,4,900,1375,5,0
7,4,3,200,0,True,False,False,655c7aba7cb69f5cd3005762,4,900,1375,5,0
8,3,10,200,0,True,False,False,655c7aba7cb69f5cd3005762,4,900,1375,5,0
9,10,0,-50,1,False,True,True,655c7aba7cb69f5cd3005762,4,900,1375,5,0
0,4,11,-50,1,False,True,True,655c7aba7cb69f5cd3005762,5,1300,1375,5,1
1,11,2,-50,2,False,True,True,655c7aba7cb69f5cd3005762,5,1300,1375,5,1
2,2,9,-50,3,False,True,True,655c7aba7cb69f5cd3005762,5,1300,1375,5,1
3,9,1,400,3,True,True,False,655c7aba7cb69f5cd3005762,5,1300,1375,5,1
4,1,5,200,2,False,False,False,655c7aba7cb69f5cd3005762,5,1300,1375,5,1
5,5,6,400,0,True,False,False,655c7aba7cb69f5cd3005762,5,1300,1375,5,1
6,6,0,200,0,True,False,False,655c7aba7cb69f5cd3005762,5,1300,1375,5,1
7,0,11,-50,1,False,True,True,655c7aba7cb69f5cd3005762,5,1300,1375,5,1
8,11,3,200,0,True,False,False,655c7aba7cb69f5cd3005762,5,1300,1375,5,1
9,3,10,0,0,False,False,False,655c7aba7cb69f5cd3005762,5,1300,1375,5,1
0,2,7,200,0,True,False,False,655c7aba7cb69f5cd3005762,8,1600,1375,5,2
1,7,5,100,0,False,False,False,655c7aba7cb69f5cd3005762,8,1600,1375,5,2
2,5,7,200,0,True,False,False,655c7aba7cb69f5cd3005762,8,1600,1375,5,2
3,7,2,200,0,True,True,False,655c7aba7cb69f5cd3005762,8,1600,1375,5,2
4,2,9,100,0,False,False,False,655c7aba7cb69f5cd3005762,8,1600,1375,5,2
5,9,5,200,0,True,False,False,655c7aba7cb69f5cd3005762,8,1600,1375,5,2
6,5,2,100,0,False,False,False,655c7aba7cb69f5cd3005762,8,1600,1375,5,2
7,2,7,200,0,True,False,False,655c7aba7cb69f5cd3005762,8,1600,1375,5,2
8,7,5,100,0,False,False,False,655c7aba7cb69f5cd3005762,8,1600,1375,5,2
9,5,2,100,0,False,False,False,655c7aba7cb69f5cd3005762,8,1600,1375,5,2
0,1,11,100,0,True,False,False,655c7aba7cb69f5cd3005762,9,1400,1375,5,3
1,11,5,100,0,False,False,False,655c7aba7cb69f5cd3005762,9,1400,1375,5,3
2,5,11,100,0,True,False,False,655c7aba7cb69f5cd3005762,9,1400,1375,5,3
3,11,1,200,0,True,True,False,655c7aba7cb69f5cd3005762,9,1400,1375,5,3
4,1,11,100,0,True,False,False,655c7aba7cb69f5cd3005762,9,1400,1375,5,3
5,11,5,100,0,False,False,False,655c7aba7cb69f5cd3005762,9,1400,1375,5,3
6,5,11,100,0,True,False,False,655c7aba7cb69f5cd3005762,9,1400,1375,5,3
7,11,1,200,0,True,True,False,655c7aba7cb69f5cd3005762,9,1400,1375,5,3
8,1,11,100,0,True,False,False,655c7aba7cb69f5cd3005762,9,1400,1375,5,3
9,11,1,200,0,True,True,False,655c7aba7cb69f5cd3005762,9,1400,1375,5,3
0,7,6,200,0,True,False,False,655c7aba7cb69f5cd3005762,10,1900,1375,5,4
1,6,0,200,0,True,False,False,655c7aba7cb69f5cd3005762,10,1900,1375,5,4
2,0,7,200,0,True,True,False,655c7aba7cb69f5cd3005762,10,1900,1375,5,4
3,7,6,200,0,True,False,False,655c7aba7cb69f5cd3005762,10,1900,1375,5,4
4,6,0,200,0,True,False,False,655c7aba7cb69f5cd3005762,10,1900,1375,5,4
5,0,3,100,0,False,False,False,655c7aba7cb69f5cd3005762,10,1900,1375,5,4
6,3,0,200,0,True,False,False,655c7aba7cb69f5cd3005762,10,1900,1375,5,4
7,0,3,100,0,False,False,False,655c7aba7cb69f5cd3005762,10,1900,1375,5,4
8,3,0,200,0,True,False,False,655c7aba7cb69f5cd3005762,10,1900,1375,5,4
9,0,7,200,0,True,True,False,655c7aba7cb69f5cd3005762,10,1900,1375,5,4
0,0,11,100,0,True,False,False,655c7aba7cb69f5cd3005762,11,1300,1375,5,5
1,11,3,100,0,False,False,False,655c7aba7cb69f5cd3005762,11,1300,1375,5,5
2,3,1,200,0,True,False,False,655c7aba7cb69f5cd3005762,11,1300,1375,5,5
3,1,2,100,0,False,False,False,655c7aba7cb69f5cd3005762,11,1300,1375,5,5
4,2,1,100,0,True,False,False,655c7aba7cb69f5cd3005762,11,1300,1375,5,5
5,1,0,200,0,True,True,False,655c7aba7cb69f5cd3005762,11,1300,1375,5,5
6,0,2,0,0,False,False,False,655c7aba7cb69f5cd3005762,11,1300,1375,5,5
7,2,1,100,0,True,False,False,655c7aba7cb69f5cd3005762,11,1300,1375,5,5
8,1,0,200,0,True,True,False,655c7aba7cb69f5cd3005762,11,1300,1375,5,5
9,0,11,100,0,True,False,False,655c7aba7cb69f5cd3005762,11,1300,1375,5,5
0,5,9,100,0,True,False,False,655c7aba7cb69f5cd3005762,13,2000,1375,5,6
1,9,1,200,0,True,False,False,655c7aba7cb69f5cd3005762,13,2000,1375,5,6
2,1,4,200,0,True,False,False,655c7aba7cb69f5cd3005762,13,2000,1375,5,6
3,4,9,200,0,True,False,False,655c7aba7cb69f5cd3005762,13,2000,1375,5,6
4,9,1,200,0,True,False,False,655c7aba7cb69f5cd3005762,13,2000,1375,5,6
5,1,4,200,0,True,False,False,655c7aba7cb69f5cd3005762,13,2000,1375,5,6
6,4,9,200,0,True,False,False,655c7aba7cb69f5cd3005762,13,2000,1375,5,6
7,9,1,200,0,True,False,False,655c7aba7cb69f5cd3005762,13,2000,1375,5,6
8,1,4,200,0,True,False,False,655c7aba7cb69f5cd3005762,13,2000,1375,5,6
9,4,9,200,0,True,False,False,655c7aba7cb69f5cd3005762,13,2000,1375,5,6
0,10,9,100,0,True,False,False,655c7aba7cb69f5cd3005762,14,1600,1375,5,7
1,9,8,200,0,True,True,False,655c7aba7cb69f5cd3005762,14,1600,1375,5,7
2,8,7,200,0,True,False,False,655c7aba7cb69f5cd3005762,14,1600,1375,5,7
3,7,11,100,0,False,False,False,655c7aba7cb69f5cd3005762,14,1600,1375,5,7
4,11,8,100,0,False,False,False,655c7aba7cb69f5cd3005762,14,1600,1375,5,7
5,8,7,200,0,True,False,False,655c7aba7cb69f5cd3005762,14,1600,1375,5,7
6,7,11,100,0,False,False,False,655c7aba7cb69f5cd3005762,14,1600,1375,5,7
7,11,10,200,0,True,True,False,655c7aba7cb69f5cd3005762,14,1600,1375,5,7
8,10,9,100,0,True,False,False,655c7aba7cb69f5cd3005762,14,1600,1375,5,7
9,9,8,200,0,True,True,False,655c7aba7cb69f5cd3005762,14,1600,1375,5,7
0,9,2,0,0,True,False,False,655c7aba7cb69f5cd3005762,15,600,1375,5,8
1,2,3,100,0,True,False,False,655c7aba7cb69f5cd3005762,15,600,1375,5,8
2,3,9,100,0,True,False,False,655c7aba7cb69f5cd3005762,15,600,1375,5,8
3,9,2,0,0,True,False,False,655c7aba7cb69f5cd3005762,15,600,1375,5,8
4,2,9,0,0,False,False,False,655c7aba7cb69f5cd3005762,15,600,1375,5,8
5,9,2,0,0,True,False,False,655c7aba7cb69f5cd3005762,15,600,1375,5,8
6,2,3,100,0,True,False,False,655c7aba7cb69f5cd3005762,15,600,1375,5,8
7,3,9,100,0,True,False,False,655c7aba7cb69f5cd3005762,15,600,1375,5,8
8,9,2,0,0,True,False,False,655c7aba7cb69f5cd3005762,15,600,1375,5,8
9,2,3,100,0,True,False,False,655c7aba7cb69f5cd3005762,15,600,1375,5,8
0,6,7,100,0,True,False,False,655c7aba7cb69f5cd3005762,16,1300,1375,5,9
1,7,5,-50,1,False,True,True,655c7aba7cb69f5cd3005762,16,1300,1375,5,9
2,5,7,200,0,True,True,False,655c7aba7cb69f5cd3005762,16,1300,1375,5,9
3,7,5,-50,1,False,True,True,655c7aba7cb69f5cd3005762,16,1300,1375,5,9
4,5,2,200,0,True,True,False,655c7aba7cb69f5cd3005762,16,1300,1375,5,9
5,2,4,200,0,True,True,False,655c7aba7cb69f5cd3005762,16,1300,1375,5,9
6,4,10,100,0,False,False,False,655c7aba7cb69f5cd3005762,16,1300,1375,5,9
7,10,2,200,0,True,True,False,655c7aba7cb69f5cd3005762,16,1300,1375,5,9
8,2,4,200,0,True,True,False,655c7aba7cb69f5cd3005762,16,1300,1375,5,9
9,4,10,100,0,False,False,False,655c7aba7cb69f5cd3005762,16,1300,1375,5,9
0,11,2,0,0,False,False,False,655c7abb7cb69f5cd3005763,4,800,1400,6,0
1,2,10,200,0,True,True,False,655c7abb7cb69f5cd3005763,4,800,1400,6,0
2,10,6,0,0,False,False,False,655c7abb7cb69f5cd3005763,4,800,1400,6,0
3,6,0,-50,1,False,True,True,655c7abb7cb69f5cd3005763,4,800,1400,6,0
4,0,2,200,0,True,False,False,655c7abb7cb69f5cd3005763,4,800,1400,6,0
5,2,10,200,0,True,True,False,655c7abb7cb69f5cd3005763,4,800,1400,6,0
6,10,9,200,0,True,False,False,655c7abb7cb69f5cd3005763,4,800,1400,6,0
7,9,10,0,0,True,False,False,655c7abb7cb69f5cd3005763,4,800,1400,6,0
8,10,6,0,0,False,False,False,655c7abb7cb69f5cd3005763,4,800,1400,6,0
9,6,0,-50,1,False,True,True,655c7abb7cb69f5cd3005763,4,800,1400,6,0
0,4,8,0,0,False,False,False,655c7abb7cb69f5cd3005763,5,850,1400,6,1
1,8,4,100,0,True,False,False,655c7abb7cb69f5cd3005763,5,850,1400,6,1
2,4,1,100,0,True,False,False,655c7abb7cb69f5cd3005763,5,850,1400,6,1
3,1,3,100,0,True,False,False,655c7abb7cb69f5cd3005763,5,850,1400,6,1
4,3,11,200,0,True,True,False,655c7abb7cb69f5cd3005763,5,850,1400,6,1
5,11,4,200,0,True,False,False,655c7abb7cb69f5cd3005763,5,850,1400,6,1
6,4,2,-50,1,False,True,True,655c7abb7cb69f5cd3005763,5,850,1400,6,1
7,2,1,200,0,True,False,False,655c7abb7cb69f5cd3005763,5,850,1400,6,1
8,1,9,-50,1,False,True,True,655c7abb7cb69f5cd3005763,5,850,1400,6,1
9,9,5,-50,2,False,True,True,655c7abb7cb69f5cd3005763,5,850,1400,6,1
0,7,2,200,0,True,False,False,655c7abb7cb69f5cd3005763,8,1500,1400,6,2
1,2,10,200,0,True,False,False,655c7abb7cb69f5cd3005763,8,1500,1400,6,2
2,10,7,0,0,True,False,False,655c7abb7cb69f5cd3005763,8,1500,1400,6,2
3,7,2,200,0,True,False,False,655c7abb7cb69f5cd3005763,8,1500,1400,6,2
4,2,10,200,0,True,False,False,655c7abb7cb69f5cd3005763,8,1500,1400,6,2
5,10,7,0,0,True,False,False,655c7abb7cb69f5cd3005763,8,1500,1400,6,2
6,7,2,200,0,True,False,False,655c7abb7cb69f5cd3005763,8,1500,1400,6,2
7,2,10,200,0,True,False,False,655c7abb7cb69f5cd3005763,8,1500,1400,6,2
8,10,7,0,0,True,False,False,655c7abb7cb69f5cd3005763,8,1500,1400,6,2
9,7,2,200,0,True,False,False,655c7abb7cb69f5cd3005763,8,1500,1400,6,2
0,10,9,200,0,True,False,False,655c7abb7cb69f5cd3005763,9,1500,1400,6,3
1,9,2,100,0,True,False,False,655c7abb7cb69f5cd3005763,9,1500,1400,6,3
2,2,10,100,0,True,False,False,655c7abb7cb69f5cd3005763,9,1500,1400,6,3
3,10,9,200,0,True,False,False,655c7abb7cb69f5cd3005763,9,1500,1400,6,3
4,9,2,100,0,True,False,False,655c7abb7cb69f5cd3005763,9,1500,1400,6,3
5,2,10,100,0,True,False,False,655c7abb7cb69f5cd3005763,9,1500,1400,6,3
6,10,9,200,0,True,False,False,655c7abb7cb69f5cd3005763,9,1500,1400,6,3
7,9,2,100,0,True,False,False,655c7abb7cb69f5cd3005763,9,1500,1400,6,3
8,2,10,100,0,True,False,False,655c7abb7cb69f5cd3005763,9,1500,1400,6,3
9,10,9,200,0,True,False,False,655c7abb7cb69f5cd3005763,9,1500,1400,6,3
0,3,10,-50,1,False,True,True,655c7abb7cb69f5cd3005763,10,1500,1400,6,4
1,10,0,200,0,True,False,False,655c7abb7cb69f5cd3005763,10,1500,1400,6,4
2,0,5,200,0,True,False,False,655c7abb7cb69f5cd3005763,10,1500,1400,6,4
3,5,1,200,0,True,True,False,655c7abb7cb69f5cd3005763,10,1500,1400,6,4
4,1,4,100,0,True,False,False,655c7abb7cb69f5cd3005763,10,1500,1400,6,4
5,4,3,200,0,True,False,False,655c7abb7cb69f5cd3005763,10,1500,1400,6,4
6,3,10,-50,1,False,True,True,655c7abb7cb69f5cd3005763,10,1500,1400,6,4
7,10,0,200,0,True,False,False,655c7abb7cb69f5cd3005763,10,1500,1400,6,4
8,0,5,200,0,True,False,False,655c7abb7cb69f5cd3005763,10,1500,1400,6,4
9,5,1,200,0,True,True,False,655c7abb7cb69f5cd3005763,10,1500,1400,6,4
0,9,8,200,0,True,False,False,655c7abb7cb69f5cd3005763,11,1650,1400,6,5
1,8,1,200,0,True,True,False,655c7abb7cb69f5cd3005763,11,1650,1400,6,5
2,1,7,200,0,True,False,False,655c7abb7cb69f5cd3005763,11,1650,1400,6,5
3,7,11,-50,1,False,True,True,655c7abb7cb69f5cd3005763,11,1650,1400,6,5
4,11,7,200,0,True,False,False,655c7abb7cb69f5cd3005763,11,1650,1400,6,5
5,7,8,100,0,True,False,False,655c7abb7cb69f5cd3005763,11,1650,1400,6,5
6,8,1,200,0,True,True,False,655c7abb7cb69f5cd3005763,11,1650,1400,6,5
7,1,7,200,0,True,False,False,655c7abb7cb69f5cd3005763,11,1650,1400,6,5
8,7,8,100,0,True,False,False,655c7abb7cb69f5cd3005763,11,1650,1400,6,5
9,8,1,200,0,True,True,False,655c7abb7cb69f5cd3005763,11,1650,1400,6,5
0,7,8,200,0,True,False,False,655c7abb7cb69f5cd3005763,13,1300,1400,6,6
1,8,11,200,0,True,False,False,655c7abb7cb69f5cd3005763,13,1300,1400,6,6
2,11,0,0,0,True,False,False,655c7abb7cb69f5cd3005763,13,1300,1400,6,6
3,0,7,0,0,False,False,False,655c7abb7cb69f5cd3005763,13,1300,1400,6,6
4,7,8,200,0,True,False,False,655c7abb7cb69f5cd3005763,13,1300,1400,6,6
5,8,11,200,0,True,False,False,655c7abb7cb69f5cd3005763,13,1300,1400,6,6
6,11,0,0,0,True,False,False,655c7abb7cb69f5cd3005763,13,1300,1400,6,6
7,0,7,0,0,False,False,False,655c7abb7cb69f5cd3005763,13,1300,1400,6,6
8,7,8,200,0,True,False,False,655c7abb7cb69f5cd3005763,13,1300,1400,6,6
9,8,11,200,0,True,False,False,655c7abb7cb69f5cd3005763,13,1300,1400,6,6
0,1,6,200,0,True,False,False,655c7abb7cb69f5cd3005763,14,1200,1400,6,7
1,6,3,100,0,True,False,False,655c7abb7cb69f5cd3005763,14,1200,1400,6,7
2,3,6,100,0,True,False,False,655c7abb7cb69f5cd3005763,14,1200,1400,6,7
3,6,1,0,0,False,False,False,655c7abb7cb69f5cd3005763,14,1200,1400,6,7
4,1,8,100,0,False,False,False,655c7abb7cb69f5cd3005763,14,1200,1400,6,7
5,8,2,200,0,True,False,False,655c7abb7cb69f5cd3005763,14,1200,1400,6,7
6,2,8,0,0,False,False,False,655c7abb7cb69f5cd3005763,14,1200,1400,6,7
7,8,2,200,0,True,False,False,655c7abb7cb69f5cd3005763,14,1200,1400,6,7
8,2,6,100,0,True,False,False,655c7abb7cb69f5cd3005763,14,1200,1400,6,7
9,6,3,100,0,True,False,False,655c7abb7cb69f5cd3005763,14,1200,1400,6,7
0,6,5,200,0,True,False,False,655c7abb7cb69f5cd3005763,15,1300,1400,6,8
1,5,1,100,0,True,False,False,655c7abb7cb69f5cd3005763,15,1300,1400,6,8
2,1,2,200,0,True,True,False,655c7abb7cb69f5cd3005763,15,1300,1400,6,8
3,2,1,100,0,True,False,False,655c7abb7cb69f5cd3005763,15,1300,1400,6,8
4,1,6,0,0,False,False,False,655c7abb7cb69f5cd3005763,15,1300,1400,6,8
5,6,5,200,0,True,False,False,655c7abb7cb69f5cd3005763,15,1300,1400,6,8
6,5,1,100,0,True,False,False,655c7abb7cb69f5cd3005763,15,1300,1400,6,8
7,1,2,200,0,True,True,False,655c7abb7cb69f5cd3005763,15,1300,1400,6,8
8,2,1,100,0,True,False,False,655c7abb7cb69f5cd3005763,15,1300,1400,6,8
9,1,6,0,0,False,False,False,655c7abb7cb69f5cd3005763,15,1300,1400,6,8
0,4,10,200,0,True,False,False,655c7abb7cb69f5cd3005763,16,1800,1400,6,9
1,10,11,100,0,True,False,False,655c7abb7cb69f5cd3005763,16,1800,1400,6,9
2,11,4,200,0,True,False,False,655c7abb7cb69f5cd3005763,16,1800,1400,6,9
3,4,10,200,0,True,False,False,655c7abb7cb69f5cd3005763,16,1800,1400,6,9
4,10,11,100,0,True,False,False,655c7abb7cb69f5cd3005763,16,1800,1400,6,9
5,11,4,200,0,True,False,False,655c7abb7cb69f5cd3005763,16,1800,1400,6,9
6,4,10,200,0,True,False,False,655c7abb7cb69f5cd3005763,16,1800,1400,6,9
7,10,11,100,0,True,False,False,655c7abb7cb69f5cd3005763,16,1800,1400,6,9
8,11,4,200,0,True,False,False,655c7abb7cb69f5cd3005763,16,1800,1400,6,9
9,4,10,200,0,True,False,False,655c7abb7cb69f5cd3005763,16,1800,1400,6,9
0,1,9,200,0,True,False,False,655c7abb7cb69f5cd3005765,4,2100,1950,7,0
1,9,10,200,0,True,True,False,655c7abb7cb69f5cd3005765,4,2100,1950,7,0
2,10,0,200,0,True,False,False,655c7abb7cb69f5cd3005765,4,2100,1950,7,0
3,0,10,200,0,True,True,False,655c7abb7cb69f5cd3005765,4,2100,1950,7,0
4,10,0,200,0,True,False,False,655c7abb7cb69f5cd3005765,4,2100,1950,7,0
5,0,10,200,0,True,True,False,655c7abb7cb69f5cd3005765,4,2100,1950,7,0
6,10,0,200,0,True,False,False,655c7abb7cb69f5cd3005765,4,2100,1950,7,0
7,0,10,200,0,True,True,False,655c7abb7cb69f5cd3005765,4,2100,1950,7,0
8,10,0,200,0,True,False,False,655c7abb7cb69f5cd3005765,4,2100,1950,7,0
9,0,10,200,0,True,True,False,655c7abb7cb69f5cd3005765,4,2100,1950,7,0
0,11,8,100,0,True,False,False,655c7abb7cb69f5cd3005765,5,1700,1950,7,1
1,8,2,200,0,True,False,False,655c7abb7cb69f5cd3005765,5,1700,1950,7,1
2,2,11,200,0,True,False,False,655c7abb7cb69f5cd3005765,5,1700,1950,7,1
3,11,8,100,0,True,False,False,655c7abb7cb69f5cd3005765,5,1700,1950,7,1
4,8,2,200,0,True,False,False,655c7abb7cb69f5cd3005765,5,1700,1950,7,1
5,2,11,200,0,True,False,False,655c7abb7cb69f5cd3005765,5,1700,1950,7,1
6,11,8,100,0,True,False,False,655c7abb7cb69f5cd3005765,5,1700,1950,7,1
7,8,2,200,0,True,False,False,655c7abb7cb69f5cd3005765,5,1700,1950,7,1
8,2,11,200,0,True,False,False,655c7abb7cb69f5cd3005765,5,1700,1950,7,1
9,11,8,100,0,True,False,False,655c7abb7cb69f5cd3005765,5,1700,1950,7,1
0,3,7,100,0,True,False,False,655c7abb7cb69f5cd3005765,8,1300,1950,7,2
1,7,3,100,0,True,False,False,655c7abb7cb69f5cd3005765,8,1300,1950,7,2
2,3,9,0,0,False,False,False,655c7abb7cb69f5cd3005765,8,1300,1950,7,2
3,9,4,200,0,True,False,False,655c7abb7cb69f5cd3005765,8,1300,1950,7,2
4,4,3,200,0,True,True,False,655c7abb7cb69f5cd3005765,8,1300,1950,7,2
5,3,9,0,0,False,False,False,655c7abb7cb69f5cd3005765,8,1300,1950,7,2
6,9,4,200,0,True,False,False,655c7abb7cb69f5cd3005765,8,1300,1950,7,2
7,4,3,200,0,True,True,False,655c7abb7cb69f5cd3005765,8,1300,1950,7,2
8,3,9,0,0,False,False,False,655c7abb7cb69f5cd3005765,8,1300,1950,7,2
9,9,4,200,0,True,False,False,655c7abb7cb69f5cd3005765,8,1300,1950,7,2
0,6,8,200,0,True,False,False,655c7abb7cb69f5cd3005765,9,2100,1950,7,3
1,8,0,200,0,True,False,False,655c7abb7cb69f5cd3005765,9,2100,1950,7,3
2,0,8,200,0,True,True,False,655c7abb7cb69f5cd3005765,9,2100,1950,7,3
3,8,0,200,0,True,False,False,655c7abb7cb69f5cd3005765,9,2100,1950,7,3
4,0,8,200,0,True,True,False,655c7abb7cb69f5cd3005765,9,2100,1950,7,3
5,8,0,200,0,True,False,False,655c7abb7cb69f5cd3005765,9,2100,1950,7,3
6,0,8,200,0,True,True,False,655c7abb7cb69f5cd3005765,9,2100,1950,7,3
7,8,0,200,0,True,False,False,655c7abb7cb69f5cd3005765,9,2100,1950,7,3
8,0,8,200,0,True,True,False,655c7abb7cb69f5cd3005765,9,2100,1950,7,3
9,8,0,200,0,True,False,False,655c7abb7cb69f5cd3005765,9,2100,1950,7,3
0,2,0,100,0,True,False,False,655c7abb7cb69f5cd3005765,10,1300,1950,7,4
1,0,9,100,0,True,False,False,655c7abb7cb69f5cd3005765,10,1300,1950,7,4
2,9,0,200,0,True,False,False,655c7abb7cb69f5cd3005765,10,1300,1950,7,4
3,0,5,0,0,False,False,False,655c7abb7cb69f5cd3005765,10,1300,1950,7,4
4,5,0,200,0,True,True,False,655c7abb7cb69f5cd3005765,10,1300,1950,7,4
5,0,5,0,0,False,False,False,655c7abb7cb69f5cd3005765,10,1300,1950,7,4
6,5,0,200,0,True,True,False,655c7abb7cb69f5cd3005765,10,1300,1950,7,4
7,0,9,100,0,True,False,False,655c7abb7cb69f5cd3005765,10,1300,1950,7,4
8,9,0,200,0,True,False,False,655c7abb7cb69f5cd3005765,10,1300,1950,7,4
9,0,9,100,0,True,False,False,655c7abb7cb69f5cd3005765,10,1300,1950,7,4
0,8,5,200,0,True,False,False,655c7abb7cb69f5cd3005765,11,1700,1950,7,5
1,5,8,200,0,True,False,False,655c7abb7cb69f5cd3005765,11,1700,1950,7,5
2,8,5,200,0,True,False,False,655c7abb7cb69f5cd3005765,11,1700,1950,7,5
3,5,8,200,0,True,False,False,655c7abb7cb69f5cd3005765,11,1700,1950,7,5
4,8,5,200,0,True,False,False,655c7abb7cb69f5cd3005765,11,1700,1950,7,5
5,5,4,0,0,False,False,False,655c7abb7cb69f5cd3005765,11,1700,1950,7,5
6,4,8,0,0,True,False,False,655c7abb7cb69f5cd3005765,11,1700,1950,7,5
7,8,5,200,0,True,False,False,655c7abb7cb69f5cd3005765,11,1700,1950,7,5
8,5,8,200,0,True,False,False,655c7abb7cb69f5cd3005765,11,1700,1950,7,5
9,8,5,200,0,True,False,False,655c7abb7cb69f5cd3005765,11,1700,1950,7,5
0,8,6,200,0,True,False,False,655c7abb7cb69f5cd3005765,13,2100,1950,7,6
1,6,8,200,0,True,True,False,655c7abb7cb69f5cd3005765,13,2100,1950,7,6
2,8,6,200,0,True,False,False,655c7abb7cb69f5cd3005765,13,2100,1950,7,6
3,6,8,200,0,True,True,False,655c7abb7cb69f5cd3005765,13,2100,1950,7,6
4,8,6,200,0,True,False,False,655c7abb7cb69f5cd3005765,13,2100,1950,7,6
5,6,8,200,0,True,True,False,655c7abb7cb69f5cd3005765,13,2100,1950,7,6
6,8,6,200,0,True,False,False,655c7abb7cb69f5cd3005765,13,2100,1950,7,6
7,6,8,200,0,True,True,False,655c7abb7cb69f5cd3005765,13,2100,1950,7,6
8,8,6,200,0,True,False,False,655c7abb7cb69f5cd3005765,13,2100,1950,7,6
9,6,8,200,0,True,True,False,655c7abb7cb69f5cd3005765,13,2100,1950,7,6
0,2,6,100,0,True,False,False,655c7abb7cb69f5cd3005765,14,1700,1950,7,7
1,6,8,200,0,True,True,False,655c7abb7cb69f5cd3005765,14,1700,1950,7,7
2,8,6,200,0,True,False,False,655c7abb7cb69f5cd3005765,14,1700,1950,7,7
3,6,3,0,0,False,False,False,655c7abb7cb69f5cd3005765,14,1700,1950,7,7
4,3,8,100,0,True,False,False,655c7abb7cb69f5cd3005765,14,1700,1950,7,7
5,8,6,200,0,True,False,False,655c7abb7cb69f5cd3005765,14,1700,1950,7,7
6,6,8,200,0,True,True,False,655c7abb7cb69f5cd3005765,14,1700,1950,7,7
7,8,6,200,0,True,False,False,655c7abb7cb69f5cd3005765,14,1700,1950,7,7
8,6,8,200,0,True,True,False,655c7abb7cb69f5cd3005765,14,1700,1950,7,7
9,8,6,200,0,True,False,False,655c7abb7cb69f5cd3005765,14,1700,1950,7,7
0,2,4,200,0,True,False,False,655c7abb7cb69f5cd3005765,15,2000,1950,7,8
1,4,7,200,0,True,False,False,655c7abb7cb69f5cd3005765,15,2000,1950,7,8
2,7,5,100,0,True,False,False,655c7abb7cb69f5cd3005765,15,2000,1950,7,8
3,5,8,200,0,True,True,False,655c7abb7cb69f5cd3005765,15,2000,1950,7,8
4,8,5,200,0,True,True,False,655c7abb7cb69f5cd3005765,15,2000,1950,7,8
5,5,8,200,0,True,True,False,655c7abb7cb69f5cd3005765,15,2000,1950,7,8
6,8,5,200,0,True,True,False,655c7abb7cb69f5cd3005765,15,2000,1950,7,8
7,5,8,200,0,True,True,False,655c7abb7cb69f5cd3005765,15,2000,1950,7,8
8,8,5,200,0,True,True,False,655c7abb7cb69f5cd3005765,15,2000,1950,7,8
9,5,8,200,0,True,True,False,655c7abb7cb69f5cd3005765,15,2000,1950,7,8
0,0,5,200,0,True,False,False,655c7abb7cb69f5cd3005765,16,2000,1950,7,9
1,5,0,200,0,True,True,False,655c7abb7cb69f5cd3005765,16,2000,1950,7,9
2,0,5,200,0,True,False,False,655c7abb7cb69f5cd3005765,16,2000,1950,7,9
3,5,0,200,0,True,True,False,655c7abb7cb69f5cd3005765,16,2000,1950,7,9
4,0,5,200,0,True,False,False,655c7abb7cb69f5cd3005765,16,2000,1950,7,9
5,5,10,100,0,False,False,False,655c7abb7cb69f5cd3005765,16,2000,1950,7,9
6,10,8,200,0,True,False,False,655c7abb7cb69f5cd3005765,16,2000,1950,7,9
7,8,10,200,0,True,False,False,655c7abb7cb69f5cd3005765,16,2000,1950,7,9
8,10,8,200,0,True,False,False,655c7abb7cb69f5cd3005765,16,2000,1950,7,9
9,8,10,200,0,True,False,False,655c7abb7cb69f5cd3005765,16,2000,1950,7,9
0,0,4,-50,1,False,True,True,655c7abb7cb69f5cd3005766,4,1000,1537,8,0
1,4,8,200,0,True,False,False,655c7abb7cb69f5cd3005766,4,1000,1537,8,0
2,8,0,100,0,True,False,False,655c7abb7cb69f5cd3005766,4,1000,1537,8,0
3,0,4,-50,1,False,True,True,655c7abb7cb69f5cd3005766,4,1000,1537,8,0
4,4,8,200,0,True,False,False,655c7abb7cb69f5cd3005766,4,1000,1537,8,0
5,8,0,100,0,True,False,False,655c7abb7cb69f5cd3005766,4,1000,1537,8,0
6,0,1,0,0,True,False,False,655c7abb7cb69f5cd3005766,4,1000,1537,8,0
7,1,10,200,0,True,False,False,655c7abb7cb69f5cd3005766,4,1000,1537,8,0
8,10,1,100,0,True,False,False,655c7abb7cb69f5cd3005766,4,1000,1537,8,0
9,1,0,100,0,False,False,False,655c7abb7cb69f5cd3005766,4,1000,1537,8,0
0,1,11,200,0,True,False,False,655c7abb7cb69f5cd3005766,5,1800,1537,8,1
1,11,7,200,0,True,False,False,655c7abb7cb69f5cd3005766,5,1800,1537,8,1
2,7,1,100,0,True,False,False,655c7abb7cb69f5cd3005766,5,1800,1537,8,1
3,1,11,200,0,True,False,False,655c7abb7cb69f5cd3005766,5,1800,1537,8,1
4,11,7,200,0,True,False,False,655c7abb7cb69f5cd3005766,5,1800,1537,8,1
5,7,1,100,0,True,False,False,655c7abb7cb69f5cd3005766,5,1800,1537,8,1
6,1,11,200,0,True,False,False,655c7abb7cb69f5cd3005766,5,1800,1537,8,1
7,11,7,200,0,True,False,False,655c7abb7cb69f5cd3005766,5,1800,1537,8,1
8,7,1,100,0,True,False,False,655c7abb7cb69f5cd3005766,5,1800,1537,8,1
9,1,11,200,0,True,False,False,655c7abb7cb69f5cd3005766,5,1800,1537,8,1
0,3,7,200,0,True,False,False,655c7abb7cb69f5cd3005766,8,1450,1537,8,2
1,7,5,100,0,True,False,False,655c7abb7cb69f5cd3005766,8,1450,1537,8,2
2,5,7,200,0,True,True,False,655c7abb7cb69f5cd3005766,8,1450,1537,8,2
3,7,5,100,0,True,False,False,655c7abb7cb69f5cd3005766,8,1450,1537,8,2
4,5,7,200,0,True,True,False,655c7abb7cb69f5cd3005766,8,1450,1537,8,2
5,7,5,100,0,True,False,False,655c7abb7cb69f5cd3005766,8,1450,1537,8,2
6,5,7,200,0,True,True,False,655c7abb7cb69f5cd3005766,8,1450,1537,8,2
7,7,5,100,0,True,False,False,655c7abb7cb69f5cd3005766,8,1450,1537,8,2
8,5,7,200,0,True,True,False,655c7abb7cb69f5cd3005766,8,1450,1537,8,2
9,7,0,-50,1,False,True,True,655c7abb7cb69f5cd3005766,8,1450,1537,8,2
0,6,7,200,0,True,False,False,655c7abb7cb69f5cd3005766,9,1800,1537,8,3
1,7,10,200,0,True,False,False,655c7abb7cb69f5cd3005766,9,1800,1537,8,3
2,10,5,200,0,True,True,False,655c7abb7cb69f5cd3005766,9,1800,1537,8,3
3,5,0,100,0,False,False,False,655c7abb7cb69f5cd3005766,9,1800,1537,8,3
4,0,10,100,0,True,False,False,655c7abb7cb69f5cd3005766,9,1800,1537,8,3
5,10,5,200,0,True,True,False,655c7abb7cb69f5cd3005766,9,1800,1537,8,3
6,5,7,200,0,True,True,False,655c7abb7cb69f5cd3005766,9,1800,1537,8,3
7,7,10,200,0,True,False,False,655c7abb7cb69f5cd3005766,9,1800,1537,8,3
8,10,5,200,0,True,True,False,655c7abb7cb69f5cd3005766,9,1800,1537,8,3
9,5,0,100,0,False,False,False,655c7abb7cb69f5cd3005766,9,1800,1537,8,3
0,3,4,100,0,True,False,False,655c7abb7cb69f5cd3005766,10,1350,1537,8,4
1,4,9,200,0,True,False,False,655c7abb7cb69f5cd3005766,10,1350,1537,8,4
2,9,1,0,0,False,False,False,655c7abb7cb69f5cd3005766,10,1350,1537,8,4
3,1,3,200,0,True,False,False,655c7abb7cb69f5cd3005766,10,1350,1537,8,4
4,3,4,100,0,True,False,False,655c7abb7cb69f5cd3005766,10,1350,1537,8,4
5,4,9,200,0,True,False,False,655c7abb7cb69f5cd3005766,10,1350,1537,8,4
6,9,5,-50,1,False,True,True,655c7abb7cb69f5cd3005766,10,1350,1537,8,4
7,5,3,200,0,True,False,False,655c7abb7cb69f5cd3005766,10,1350,1537,8,4
8,3,4,100,0,True,False,False,655c7abb7cb69f5cd3005766,10,1350,1537,8,4
9,4,9,200,0,True,False,False,655c7abb7cb69f5cd3005766,10,1350,1537,8,4
0,10,2,200,0,True,False,False,655c7abb7cb69f5cd3005766,11,1100,1537,8,5
1,2,3,-50,1,False,True,True,655c7abb7cb69f5cd3005766,11,1100,1537,8,5
2,3,7,200,0,True,True,False,655c7abb7cb69f5cd3005766,11,1100,1537,8,5
3,7,10,100,0,False,False,False,655c7abb7cb69f5cd3005766,11,1100,1537,8,5
4,10,2,200,0,True,False,False,655c7abb7cb69f5cd3005766,11,1100,1537,8,5
5,2,3,-50,1,False,True,True,655c7abb7cb69f5cd3005766,11,1100,1537,8,5
6,3,11,100,1,False,False,False,655c7abb7cb69f5cd3005766,11,1100,1537,8,5
7,11,9,200,0,True,False,False,655c7abb7cb69f5cd3005766,11,1100,1537,8,5
8,9,8,100,0,True,False,False,655c7abb7cb69f5cd3005766,11,1100,1537,8,5
9,8,7,0,0,False,False,False,655c7abb7cb69f5cd3005766,11,1100,1537,8,5
0,2,10,200,0,True,False,False,655c7abb7cb69f5cd3005766,13,1700,1537,8,6
1,10,1,200,0,True,False,False,655c7abb7cb69f5cd3005766,13,1700,1537,8,6
2,1,6,100,0,True,False,False,655c7abb7cb69f5cd3005766,13,1700,1537,8,6
3,6,1,200,0,True,False,False,655c7abb7cb69f5cd3005766,13,1700,1537,8,6
4,1,6,100,0,True,False,False,655c7abb7cb69f5cd3005766,13,1700,1537,8,6
5,6,1,200,0,True,False,False,655c7abb7cb69f5cd3005766,13,1700,1537,8,6
6,1,6,100,0,True,False,False,655c7abb7cb69f5cd3005766,13,1700,1537,8,6
7,6,1,200,0,True,False,False,655c7abb7cb69f5cd3005766,13,1700,1537,8,6
8,1,6,100,0,True,False,False,655c7abb7cb69f5cd3005766,13,1700,1537,8,6
9,6,1,200,0,True,False,False,655c7abb7cb69f5cd3005766,13,1700,1537,8,6
0,10,2,100,0,True,False,False,655c7abb7cb69f5cd3005766,14,800,1537,8,7
1,2,8,-50,1,False,True,True,655c7abb7cb69f5cd3005766,14,800,1537,8,7
2,8,4,200,0,True,False,False,655c7abb7cb69f5cd3005766,14,800,1537,8,7
3,4,10,100,0,True,False,False,655c7abb7cb69f5cd3005766,14,800,1537,8,7
4,10,2,100,0,True,False,False,655c7abb7cb69f5cd3005766,14,800,1537,8,7
5,2,9,0,0,True,False,False,655c7abb7cb69f5cd3005766,14,800,1537,8,7
6,9,4,100,0,True,False,False,655c7abb7cb69f5cd3005766,14,800,1537,8,7
7,4,11,-50,1,False,True,True,655c7abb7cb69f5cd3005766,14,800,1537,8,7
8,11,4,200,0,True,False,False,655c7abb7cb69f5cd3005766,14,800,1537,8,7
9,4,9,0,0,False,False,False,655c7abb7cb69f5cd3005766,14,800,1537,8,7
0,3,4,200,0,True,False,False,655c7abb7cb69f5cd3005766,15,1800,1537,8,8
1,4,8,100,0,True,False,False,655c7abb7cb69f5cd3005766,15,1800,1537,8,8
2,8,3,200,0,True,False,False,655c7abb7cb69f5cd3005766,15,1800,1537,8,8
3,3,4,200,0,True,False,False,655c7abb7cb69f5cd3005766,15,1800,1537,8,8
4,4,8,100,0,True,False,False,655c7abb7cb69f5cd3005766,15,1800,1537,8,8
5,8,3,200,0,True,False,False,655c7abb7cb69f5cd3005766,15,1800,1537,8,8
6,3,4,200,0,True,False,False,655c7abb7cb69f5cd3005766,15,1800,1537,8,8
7,4,8,100,0,True,False,False,655c7abb7cb69f5cd3005766,15,1800,1537,8,8
8,8,3,200,0,True,False,False,655c7abb7cb69f5cd3005766,15,1800,1537,8,8
9,3,4,200,0,True,False,False,655c7abb7cb69f5cd3005766,15,1800,1537,8,8
0,3,6,200,0,True,False,False,655c7abb7cb69f5cd3005766,16,1850,1537,8,9
1,6,0,200,0,True,False,False,655c7abb7cb69f5cd3005766,16,1850,1537,8,9
2,0,9,200,0,True,False,False,655c7abb7cb69f5cd3005766,16,1850,1537,8,9
3,9,3,200,0,True,False,False,655c7abb7cb69f5cd3005766,16,1850,1537,8,9
4,3,6,200,0,True,False,False,655c7abb7cb69f5cd3005766,16,1850,1537,8,9
5,6,0,200,0,True,False,False,655c7abb7cb69f5cd3005766,16,1850,1537,8,9
6,0,9,200,0,True,False,False,655c7abb7cb69f5cd3005766,16,1850,1537,8,9
7,9,3,200,0,True,False,False,655c7abb7cb69f5cd3005766,16,1850,1537,8,9
8,3,4,-50,1,False,True,True,655c7abb7cb69f5cd3005766,16,1850,1537,8,9
9,4,8,200,0,True,False,False,655c7abb7cb69f5cd3005766,16,1850,1537,8,9
0,1,5,100,0,True,False,False,655c7abb7cb69f5cd3005767,4,750,1600,9,0
1,5,1,200,0,True,True,False,655c7abb7cb69f5cd3005767,4,750,1600,9,0
2,1,3,0,0,False,False,False,655c7abb7cb69f5cd3005767,4,750,1600,9,0
3,3,8,100,0,False,False,False,655c7abb7cb69f5cd3005767,4,750,1600,9,0
4,8,6,100,0,True,False,False,655c7abb7cb69f5cd3005767,4,750,1600,9,0
5,6,3,100,0,True,False,False,655c7abb7cb69f5cd3005767,4,750,1600,9,0
6,3,1,200,0,True,True,False,655c7abb7cb69f5cd3005767,4,750,1600,9,0
0,4,6,200,0,True,False,False,655c7abb7cb69f5cd3005767,5,1900,1600,9,1
1,6,2,200,0,True,True,False,655c7abb7cb69f5cd3005767,5,1900,1600,9,1
2,2,4,200,0,True,False,False,655c7abb7cb69f5cd3005767,5,1900,1600,9,1
3,4,6,200,0,True,False,False,655c7abb7cb69f5cd3005767,5,1900,1600,9,1
4,6,0,0,0,False,False,False,655c7abb7cb69f5cd3005767,5,1900,1600,9,1
5,0,8,200,0,True,False,False,655c7abb7cb69f5cd3005767,5,1900,1600,9,1
6,8,4,200,0,True,True,False,655c7abb7cb69f5cd3005767,5,1900,1600,9,1
7,4,6,200,0,True,False,False,655c7abb7cb69f5cd3005767,5,1900,1600,9,1
8,6,2,200,0,True,True,False,655c7abb7cb69f5cd3005767,5,1900,1600,9,1
9,2,4,200,0,True,False,False,655c7abb7cb69f5cd3005767,5,1900,1600,9,1
0,4,0,200,0,True,False,False,655c7abb7cb69f5cd3005767,8,1900,1600,9,2
1,0,9,200,0,True,False,False,655c7abb7cb69f5cd3005767,8,1900,1600,9,2
2,9,0,200,0,True,False,False,655c7abb7cb69f5cd3005767,8,1900,1600,9,2
3,0,9,200,0,True,False,False,655c7abb7cb69f5cd3005767,8,1900,1600,9,2
4,9,2,0,0,False,False,False,655c7abb7cb69f5cd3005767,8,1900,1600,9,2
5,2,4,200,0,True,True,False,655c7abb7cb69f5cd3005767,8,1900,1600,9,2
6,4,0,200,0,True,False,False,655c7abb7cb69f5cd3005767,8,1900,1600,9,2
7,0,9,200,0,True,False,False,655c7abb7cb69f5cd3005767,8,1900,1600,9,2
8,9,0,200,0,True,False,False,655c7abb7cb69f5cd3005767,8,1900,1600,9,2
9,0,9,200,0,True,False,False,655c7abb7cb69f5cd3005767,8,1900,1600,9,2
0,0,5,200,0,True,False,False,655c7abb7cb69f5cd3005767,9,1900,1600,9,3
1,5,11,200,0,True,False,False,655c7abb7cb69f5cd3005767,9,1900,1600,9,3
2,11,8,100,0,True,False,False,655c7abb7cb69f5cd3005767,9,1900,1600,9,3
3,8,0,200,0,True,True,False,655c7abb7cb69f5cd3005767,9,1900,1600,9,3
4,0,5,200,0,True,False,False,655c7abb7cb69f5cd3005767,9,1900,1600,9,3
5,5,11,200,0,True,False,False,655c7abb7cb69f5cd3005767,9,1900,1600,9,3
6,11,8,100,0,True,False,False,655c7abb7cb69f5cd3005767,9,1900,1600,9,3
7,8,0,200,0,True,True,False,655c7abb7cb69f5cd3005767,9,1900,1600,9,3
8,0,5,200,0,True,False,False,655c7abb7cb69f5cd3005767,9,1900,1600,9,3
9,5,11,200,0,True,False,False,655c7abb7cb69f5cd3005767,9,1900,1600,9,3
0,11,10,100,0,True,False,False,655c7abb7cb69f5cd3005767,10,1400,1600,9,4
1,10,9,200,0,True,False,False,655c7abb7cb69f5cd3005767,10,1400,1600,9,4
2,9,3,200,0,True,False,False,655c7abb7cb69f5cd3005767,10,1400,1600,9,4
3,3,9,100,0,True,False,False,655c7abb7cb69f5cd3005767,10,1400,1600,9,4
4,9,1,0,0,False,False,False,655c7abb7cb69f5cd3005767,10,1400,1600,9,4
5,1,11,100,0,True,False,False,655c7abb7cb69f5cd3005767,10,1400,1600,9,4
6,11,10,100,0,True,False,False,655c7abb7cb69f5cd3005767,10,1400,1600,9,4
7,10,9,200,0,True,False,False,655c7abb7cb69f5cd3005767,10,1400,1600,9,4
8,9,3,200,0,True,False,False,655c7abb7cb69f5cd3005767,10,1400,1600,9,4
9,3,9,100,0,True,False,False,655c7abb7cb69f5cd3005767,10,1400,1600,9,4
0,8,3,200,0,True,False,False,655c7abb7cb69f5cd3005767,11,1800,1600,9,5
1,3,11,200,0,True,False,False,655c7abb7cb69f5cd3005767,11,1800,1600,9,5
2,11,7,200,0,True,False,False,655c7abb7cb69f5cd3005767,11,1800,1600,9,5
3,7,3,200,0,True,False,False,655c7abb7cb69f5cd3005767,11,1800,1600,9,5
4,3,11,200,0,True,False,False,655c7abb7cb69f5cd3005767,11,1800,1600,9,5
5,11,8,100,0,False,False,False,655c7abb7cb69f5cd3005767,11,1800,1600,9,5
6,8,3,200,0,True,False,False,655c7abb7cb69f5cd3005767,11,1800,1600,9,5
7,3,6,0,0,False,False,False,655c7abb7cb69f5cd3005767,11,1800,1600,9,5
8,6,7,200,0,True,False,False,655c7abb7cb69f5cd3005767,11,1800,1600,9,5
9,7,3,200,0,True,False,False,655c7abb7cb69f5cd3005767,11,1800,1600,9,5
0,0,4,200,0,True,False,False,655c7abb7cb69f5cd3005767,13,1800,1600,9,6
1,4,7,100,0,True,False,False,655c7abb7cb69f5cd3005767,13,1800,1600,9,6
2,7,4,200,0,True,False,False,655c7abb7cb69f5cd3005767,13,1800,1600,9,6
3,4,9,0,0,False,False,False,655c7abb7cb69f5cd3005767,13,1800,1600,9,6
4,9,10,200,0,True,False,False,655c7abb7cb69f5cd3005767,13,1800,1600,9,6
5,10,9,200,0,True,True,False,655c7abb7cb69f5cd3005767,13,1800,1600,9,6
6,9,10,200,0,True,False,False,655c7abb7cb69f5cd3005767,13,1800,1600,9,6
7,10,9,200,0,True,True,False,655c7abb7cb69f5cd3005767,13,1800,1600,9,6
8,9,10,200,0,True,False,False,655c7abb7cb69f5cd3005767,13,1800,1600,9,6
9,10,9,200,0,True,True,False,655c7abb7cb69f5cd3005767,13,1800,1600,9,6
0,4,1,200,0,True,False,False,655c7abb7cb69f5cd3005767,14,1800,1600,9,7
1,1,5,200,0,True,False,False,655c7abb7cb69f5cd3005767,14,1800,1600,9,7
2,5,4,200,0,True,False,False,655c7abb7cb69f5cd3005767,14,1800,1600,9,7
3,4,11,100,0,False,False,False,655c7abb7cb69f5cd3005767,14,1800,1600,9,7
4,11,4,100,0,True,False,False,655c7abb7cb69f5cd3005767,14,1800,1600,9,7
5,4,1,200,0,True,False,False,655c7abb7cb69f5cd3005767,14,1800,1600,9,7
6,1,10,100,0,False,False,False,655c7abb7cb69f5cd3005767,14,1800,1600,9,7
7,10,4,200,0,True,True,False,655c7abb7cb69f5cd3005767,14,1800,1600,9,7
8,4,1,200,0,True,False,False,655c7abb7cb69f5cd3005767,14,1800,1600,9,7
9,1,5,200,0,True,False,False,655c7abb7cb69f5cd3005767,14,1800,1600,9,7
0,5,4,200,0,True,False,False,655c7abb7cb69f5cd3005767,15,1700,1600,9,8
1,4,9,100,0,True,False,False,655c7abb7cb69f5cd3005767,15,1700,1600,9,8
2,9,5,200,0,True,True,False,655c7abb7cb69f5cd3005767,15,1700,1600,9,8
3,5,4,200,0,True,False,False,655c7abb7cb69f5cd3005767,15,1700,1600,9,8
4,4,9,100,0,True,False,False,655c7abb7cb69f5cd3005767,15,1700,1600,9,8
5,9,3,100,0,False,False,False,655c7abb7cb69f5cd3005767,15,1700,1600,9,8
6,3,9,200,0,True,False,False,655c7abb7cb69f5cd3005767,15,1700,1600,9,8
7,9,5,200,0,True,True,False,655c7abb7cb69f5cd3005767,15,1700,1600,9,8
8,5,4,200,0,True,False,False,655c7abb7cb69f5cd3005767,15,1700,1600,9,8
9,4,9,100,0,True,False,False,655c7abb7cb69f5cd3005767,15,1700,1600,9,8
0,2,4,0,0,False,False,False,655c7abb7cb69f5cd3005767,16,1100,1600,9,9
1,4,7,200,0,True,False,False,655c7abb7cb69f5cd3005767,16,1100,1600,9,9
2,7,3,100,0,True,False,False,655c7abb7cb69f5cd3005767,16,1100,1600,9,9
3,3,2,100,0,True,False,False,655c7abb7cb69f5cd3005767,16,1100,1600,9,9
4,2,8,100,0,True,False,False,655c7abb7cb69f5cd3005767,16,1100,1600,9,9
5,8,7,100,0,True,False,False,655c7abb7cb69f5cd3005767,16,1100,1600,9,9
6,7,3,100,0,True,False,False,655c7abb7cb69f5cd3005767,16,1100,1600,9,9
7,3,4,0,0,False,False,False,655c7abb7cb69f5cd3005767,16,1100,1600,9,9
8,4,7,200,0,True,False,False,655c7abb7cb69f5cd3005767,16,1100,1600,9,9
9,7,3,100,0,True,False,False,655c7abb7cb69f5cd3005767,16,1100,1600,9,9
