id,trialIdx,trialType,score,maxLevelReached,move_1,move_2,move_3,move_4,move_5,move_6,move_7,move_8,networkId,myopic_score,ai_score,sessionId
832,4.0,individual,900.0,2.0,0.0,-50.0,-50.0,400.0,200.0,100.0,100.0,200.0,e9073951acef262498eac37b38155caf,1000.0,1150.0,6422d978aff8868105633832
832,5.0,individual,900.0,1.0,0.0,200.0,-50.0,200.0,200.0,-50.0,200.0,200.0,282a6cc7486e263d2b0fee9e3f1972f7,400.0,1050.0,6422d978aff8868105633832
832,10.0,try_yourself,800.0,0.0,100.0,100.0,100.0,100.0,100.0,100.0,100.0,100.0,51edc36de506ff346ed262c1081554eb,800.0,1450.0,6422d978aff8868105633832
832,12.0,try_yourself,1150.0,4.0,100.0,-50.0,-50.0,-50.0,200.0,400.0,200.0,400.0,51edc36de506ff346ed262c1081554eb,800.0,1450.0,6422d978aff8868105633832
832,13.0,try_yourself,850.0,1.0,200.0,-50.0,200.0,-50.0,200.0,-50.0,200.0,200.0,31d35353bbfefdb5c7596273e9615d25,1000.0,1250.0,6422d978aff8868105633832
832,15.0,try_yourself,1050.0,1.0,200.0,200.0,-50.0,200.0,200.0,100.0,0.0,200.0,31d35353bbfefdb5c7596273e9615d25,1000.0,1250.0,6422d978aff8868105633832
832,17.0,try_yourself,900.0,2.0,100.0,200.0,-50.0,-50.0,400.0,-50.0,-50.0,400.0,6432e2a0cd8bcd98e8be048855473b47,600.0,850.0,6422d978aff8868105633832
832,19.0,try_yourself,900.0,2.0,100.0,200.0,-50.0,-50.0,400.0,-50.0,-50.0,400.0,6432e2a0cd8bcd98e8be048855473b47,600.0,850.0,6422d978aff8868105633832
832,20.0,try_yourself,1100.0,0.0,200.0,100.0,100.0,200.0,100.0,100.0,200.0,100.0,3706dc98663f54690dbb9ea5c694ba5c,1100.0,1450.0,6422d978aff8868105633832
832,22.0,try_yourself,800.0,1.0,-50.0,200.0,-50.0,200.0,100.0,200.0,100.0,100.0,3706dc98663f54690dbb9ea5c694ba5c,1100.0,1450.0,6422d978aff8868105633832
832,24.0,individual,650.0,1.0,0.0,100.0,200.0,100.0,0.0,100.0,200.0,-50.0,d34c336c4eb89dcdbf7822e604104c8d,800.0,1450.0,6422d978aff8868105633832
832,25.0,individual,950.0,4.0,100.0,200.0,-50.0,-50.0,-50.0,200.0,200.0,400.0,effdef11328d73c3c5fb806e1f13adc1,1200.0,1250.0,6422d978aff8868105633832
832,26.0,individual,600.0,1.0,-50.0,0.0,200.0,100.0,200.0,-50.0,0.0,200.0,0f145ca3e4e5228d4e3449f685bb10b8,400.0,1250.0,6422d978aff8868105633832
832,27.0,individual,1500.0,0.0,100.0,200.0,200.0,200.0,200.0,200.0,200.0,200.0,0bddb988344c63b517199423b95804e4,1500.0,1650.0,6422d978aff8868105633832
832,29.0,demonstration,650.0,1.0,100.0,100.0,-50.0,200.0,-50.0,200.0,-50.0,200.0,1851eca6c4e1cf00a08ae8ca8318e252,800.0,1050.0,6422d978aff8868105633832
832,30.0,demonstration,1200.0,0.0,200.0,200.0,100.0,100.0,200.0,100.0,100.0,200.0,dfa200ad4c7fba141f3560310557f63f,1200.0,1250.0,6422d978aff8868105633832
833,4.0,individual,-350.0,1.0,-50.0,200.0,0.0,-50.0,-50.0,-50.0,-50.0,-50.0,5d7c38f6314a4ad3ae28ea51f832d6b5,900.0,1250.0,6422d978aff8868105633833
833,5.0,individual,600.0,4.0,200.0,-50.0,200.0,200.0,-50.0,-50.0,-50.0,200.0,ef6faa2a7b3212e04fdf1a319b796812,650.0,1250.0,6422d978aff8868105633833
833,10.0,try_yourself,350.0,4.0,-50.0,-50.0,400.0,0.0,-50.0,-50.0,-50.0,200.0,975ea289a849aed45e6c4ac4a9cad8e9,1600.0,1450.0,6422d978aff8868105633833
833,12.0,try_yourself,1250.0,4.0,-50.0,-50.0,-50.0,200.0,200.0,400.0,400.0,200.0,975ea289a849aed45e6c4ac4a9cad8e9,1600.0,1450.0,6422d978aff8868105633833
833,13.0,try_yourself,600.0,4.0,-50.0,200.0,-50.0,-50.0,-50.0,200.0,200.0,200.0,ffac4c7b6e9a1d6afaa0d18b45bd17a4,550.0,1250.0,6422d978aff8868105633833
833,15.0,try_yourself,1250.0,4.0,-50.0,-50.0,-50.0,200.0,400.0,200.0,400.0,200.0,ffac4c7b6e9a1d6afaa0d18b45bd17a4,550.0,1250.0,6422d978aff8868105633833
833,17.0,try_yourself,600.0,1.0,0.0,-50.0,200.0,200.0,-50.0,200.0,200.0,-50.0,772dadcc013c0b1c9d983020ef5d0b6e,1100.0,1050.0,6422d978aff8868105633833
833,19.0,try_yourself,1100.0,0.0,0.0,200.0,100.0,200.0,100.0,200.0,100.0,200.0,772dadcc013c0b1c9d983020ef5d0b6e,1100.0,1050.0,6422d978aff8868105633833
833,20.0,try_yourself,850.0,4.0,200.0,-50.0,-50.0,-50.0,200.0,200.0,200.0,200.0,a8abfb1f3cd12a69ab0a2f01fddbc0f8,1200.0,1450.0,6422d978aff8868105633833
833,22.0,try_yourself,1200.0,0.0,200.0,100.0,200.0,100.0,200.0,100.0,200.0,100.0,a8abfb1f3cd12a69ab0a2f01fddbc0f8,1200.0,1450.0,6422d978aff8868105633833
833,24.0,individual,1200.0,0.0,100.0,200.0,100.0,200.0,100.0,200.0,100.0,200.0,23eec9f49d5651260877a2b0f926979a,1200.0,1250.0,6422d978aff8868105633833
833,25.0,individual,700.0,1.0,0.0,200.0,-50.0,200.0,200.0,0.0,-50.0,200.0,268b96a55e3092c64316ab7dcb993406,600.0,1050.0,6422d978aff8868105633833
833,26.0,individual,700.0,4.0,100.0,-50.0,200.0,-50.0,-50.0,-50.0,200.0,400.0,fbb1ccf568906e9b36f2f0dce5fe5d9f,500.0,1450.0,6422d978aff8868105633833
833,27.0,individual,1200.0,0.0,200.0,200.0,200.0,0.0,200.0,200.0,200.0,0.0,91cdbb8e2f9597586478fa053981cb26,1000.0,1250.0,6422d978aff8868105633833
833,29.0,demonstration,1300.0,0.0,100.0,200.0,200.0,100.0,200.0,200.0,100.0,200.0,28aacb8e9eff3a3e549c477497a0a57b,1300.0,1250.0,6422d978aff8868105633833
833,30.0,demonstration,300.0,2.0,0.0,100.0,0.0,0.0,-50.0,-50.0,400.0,-50.0,0a400e3d360694b0d15eb670d0cbf4a3,200.0,1050.0,6422d978aff8868105633833
834,4.0,individual,750.0,2.0,200.0,200.0,-50.0,-50.0,400.0,-50.0,200.0,-50.0,dd33e76ce36532d66d6ae40164cc2235,1300.0,1250.0,6422d978aff8868105633834
834,5.0,individual,950.0,4.0,200.0,100.0,200.0,-50.0,-50.0,-50.0,200.0,400.0,03d27900534c8d5cf45d608815e61639,1200.0,1250.0,6422d978aff8868105633834
834,10.0,try_yourself,1050.0,4.0,200.0,200.0,-50.0,-50.0,-50.0,200.0,400.0,200.0,975ea289a849aed45e6c4ac4a9cad8e9,1600.0,1450.0,6422d978aff8868105633834
834,12.0,try_yourself,1150.0,1.0,-50.0,0.0,200.0,200.0,200.0,200.0,200.0,200.0,975ea289a849aed45e6c4ac4a9cad8e9,1600.0,1450.0,6422d978aff8868105633834
834,13.0,try_yourself,600.0,2.0,100.0,-50.0,200.0,100.0,-50.0,-50.0,400.0,-50.0,ffac4c7b6e9a1d6afaa0d18b45bd17a4,550.0,1250.0,6422d978aff8868105633834
834,15.0,try_yourself,450.0,2.0,-50.0,200.0,100.0,-50.0,-50.0,400.0,-50.0,-50.0,ffac4c7b6e9a1d6afaa0d18b45bd17a4,550.0,1250.0,6422d978aff8868105633834
834,17.0,try_yourself,850.0,4.0,200.0,-50.0,-50.0,-50.0,200.0,200.0,200.0,200.0,42f21d9512905fdee902b69795f3de35,600.0,1250.0,6422d978aff8868105633834
834,19.0,try_yourself,850.0,4.0,200.0,-50.0,-50.0,-50.0,200.0,200.0,200.0,200.0,42f21d9512905fdee902b69795f3de35,600.0,1250.0,6422d978aff8868105633834
834,20.0,try_yourself,750.0,2.0,100.0,100.0,-50.0,200.0,100.0,-50.0,-50.0,400.0,e8734b5b66bca9a8369582876f59eafe,800.0,1250.0,6422d978aff8868105633834
834,22.0,try_yourself,600.0,2.0,100.0,100.0,-50.0,200.0,-50.0,-50.0,400.0,-50.0,e8734b5b66bca9a8369582876f59eafe,800.0,1250.0,6422d978aff8868105633834
834,24.0,individual,1250.0,4.0,200.0,-50.0,-50.0,-50.0,200.0,400.0,200.0,400.0,dc8cf713b9c5aed18e6e65c78884ece4,800.0,1250.0,6422d978aff8868105633834
834,25.0,individual,600.0,4.0,-50.0,0.0,200.0,-50.0,-50.0,-50.0,200.0,400.0,d4329f9d09e26255b7558ae1bb3500f4,400.0,1450.0,6422d978aff8868105633834
834,26.0,individual,800.0,2.0,100.0,-50.0,-50.0,400.0,100.0,-50.0,-50.0,400.0,d0a1983cf5a191aeae23939165dc3c67,300.0,1050.0,6422d978aff8868105633834
834,27.0,individual,500.0,2.0,-50.0,-50.0,400.0,-50.0,-50.0,400.0,-50.0,-50.0,ba32ac7f7714b924c1e4b44004b4c273,1200.0,1450.0,6422d978aff8868105633834
834,29.0,demonstration,350.0,2.0,-50.0,200.0,-50.0,200.0,-50.0,200.0,-50.0,-50.0,84aa64ecc9b04318af3e98f965f9b897,400.0,1450.0,6422d978aff8868105633834
834,30.0,demonstration,1250.0,4.0,200.0,-50.0,-50.0,-50.0,200.0,400.0,400.0,200.0,771e6b8468e2e77f544b63d4de33dad2,900.0,1250.0,6422d978aff8868105633834
835,4.0,individual,550.0,1.0,100.0,200.0,-50.0,0.0,200.0,100.0,100.0,-50.0,c83906ad4f596c0a823e4de788c2404d,1100.0,1650.0,6422d978aff8868105633835
835,5.0,individual,1000.0,2.0,0.0,-50.0,-50.0,200.0,400.0,200.0,200.0,100.0,0e64dec233622fb2b0a7c82bf7b9bb1f,1100.0,1250.0,6422d978aff8868105633835
835,10.0,try_yourself,1100.0,2.0,200.0,200.0,200.0,-50.0,-50.0,400.0,0.0,200.0,975ea289a849aed45e6c4ac4a9cad8e9,1600.0,1450.0,6422d978aff8868105633835
835,12.0,try_yourself,1250.0,4.0,-50.0,-50.0,-50.0,200.0,200.0,400.0,200.0,400.0,975ea289a849aed45e6c4ac4a9cad8e9,1600.0,1450.0,6422d978aff8868105633835
835,13.0,try_yourself,-150.0,2.0,100.0,-50.0,200.0,-50.0,-50.0,-50.0,-50.0,-50.0,ffac4c7b6e9a1d6afaa0d18b45bd17a4,550.0,1250.0,6422d978aff8868105633835
835,15.0,try_yourself,-150.0,3.0,-50.0,-50.0,-50.0,-50.0,-50.0,200.0,-50.0,-50.0,ffac4c7b6e9a1d6afaa0d18b45bd17a4,550.0,1250.0,6422d978aff8868105633835
835,17.0,try_yourself,600.0,2.0,200.0,-50.0,-50.0,400.0,0.0,200.0,-50.0,-50.0,6432e2a0cd8bcd98e8be048855473b47,600.0,850.0,6422d978aff8868105633835
835,19.0,try_yourself,850.0,4.0,200.0,-50.0,-50.0,-50.0,200.0,200.0,200.0,200.0,6432e2a0cd8bcd98e8be048855473b47,600.0,850.0,6422d978aff8868105633835
835,20.0,try_yourself,800.0,4.0,-50.0,200.0,-50.0,-50.0,-50.0,200.0,400.0,200.0,3706dc98663f54690dbb9ea5c694ba5c,1100.0,1450.0,6422d978aff8868105633835
835,22.0,try_yourself,1450.0,4.0,-50.0,-50.0,-50.0,200.0,400.0,400.0,200.0,400.0,3706dc98663f54690dbb9ea5c694ba5c,1100.0,1450.0,6422d978aff8868105633835
835,24.0,individual,1450.0,4.0,-50.0,-50.0,-50.0,200.0,400.0,400.0,200.0,400.0,2982eadd7289c898bd3abc510c94330d,250.0,1250.0,6422d978aff8868105633835
835,25.0,individual,1050.0,4.0,-50.0,-50.0,-50.0,200.0,200.0,200.0,200.0,400.0,5ea5e6aef62c6857db6990a8955ebe62,400.0,1250.0,6422d978aff8868105633835
835,26.0,individual,1650.0,4.0,-50.0,-50.0,-50.0,200.0,400.0,400.0,400.0,400.0,7844225719e3ebf6a2ddd97c7674256c,800.0,1650.0,6422d978aff8868105633835
835,27.0,individual,550.0,4.0,-50.0,-50.0,400.0,-50.0,-50.0,-50.0,200.0,200.0,b25cbf1a6c9fcc2202610a2c6d0a9677,800.0,850.0,6422d978aff8868105633835
835,29.0,demonstration,1000.0,2.0,-50.0,-50.0,400.0,200.0,200.0,-50.0,-50.0,400.0,6c40731a43cb4d173ab20f29d9484f0a,1400.0,1050.0,6422d978aff8868105633835
835,30.0,demonstration,1250.0,4.0,-50.0,-50.0,-50.0,200.0,400.0,200.0,400.0,200.0,00ce9158e0402fba179f837d8fdabe1b,650.0,1250.0,6422d978aff8868105633835
836,4.0,individual,1000.0,2.0,-50.0,-50.0,400.0,200.0,-50.0,-50.0,400.0,200.0,7f75a5d863126faaf87cfbb1950f37df,800.0,1250.0,6422d978aff8868105633836
836,5.0,individual,-150.0,3.0,100.0,-50.0,0.0,0.0,-50.0,-50.0,-50.0,-50.0,396a769fc7b9a1cd199fe20a1dd60cc3,1000.0,1250.0,6422d978aff8868105633836
836,10.0,try_yourself,550.0,2.0,100.0,-50.0,0.0,-50.0,-50.0,400.0,0.0,200.0,6432e2a0cd8bcd98e8be048855473b47,600.0,850.0,6422d978aff8868105633836
836,12.0,try_yourself,600.0,0.0,200.0,0.0,0.0,100.0,200.0,0.0,0.0,100.0,6432e2a0cd8bcd98e8be048855473b47,600.0,850.0,6422d978aff8868105633836
836,13.0,try_yourself,-100.0,1.0,-50.0,200.0,-50.0,200.0,-50.0,-50.0,-50.0,-50.0,3706dc98663f54690dbb9ea5c694ba5c,1100.0,1450.0,6422d978aff8868105633836
836,15.0,try_yourself,750.0,1.0,200.0,100.0,-50.0,200.0,-50.0,200.0,-50.0,200.0,3706dc98663f54690dbb9ea5c694ba5c,1100.0,1450.0,6422d978aff8868105633836
836,17.0,try_yourself,800.0,2.0,200.0,0.0,-50.0,-50.0,400.0,-50.0,-50.0,400.0,6432e2a0cd8bcd98e8be048855473b47,600.0,850.0,6422d978aff8868105633836
836,19.0,try_yourself,800.0,2.0,100.0,200.0,0.0,-50.0,-50.0,400.0,0.0,200.0,6432e2a0cd8bcd98e8be048855473b47,600.0,850.0,6422d978aff8868105633836
836,20.0,try_yourself,600.0,1.0,-50.0,200.0,-50.0,200.0,-50.0,200.0,-50.0,200.0,3706dc98663f54690dbb9ea5c694ba5c,1100.0,1450.0,6422d978aff8868105633836
836,22.0,try_yourself,800.0,2.0,200.0,100.0,-50.0,-50.0,0.0,400.0,100.0,100.0,3706dc98663f54690dbb9ea5c694ba5c,1100.0,1450.0,6422d978aff8868105633836
836,24.0,individual,850.0,4.0,200.0,0.0,-50.0,-50.0,-50.0,200.0,200.0,400.0,f5d9fc0b1cf995ecf9962f126fe3b156,600.0,1050.0,6422d978aff8868105633836
836,25.0,individual,1050.0,4.0,-50.0,-50.0,-50.0,200.0,200.0,400.0,200.0,200.0,a432d08d2e2a0d22a4efcc5762f09651,1000.0,1050.0,6422d978aff8868105633836
836,26.0,individual,850.0,4.0,0.0,-50.0,-50.0,-50.0,200.0,400.0,200.0,200.0,6ed5182068180c598b98642322910ff0,300.0,1650.0,6422d978aff8868105633836
836,27.0,individual,800.0,2.0,-50.0,-50.0,400.0,-50.0,-50.0,400.0,0.0,200.0,b61897a0fbb034f08ec2b64bb6fe69ef,1600.0,1050.0,6422d978aff8868105633836
836,29.0,demonstration,350.0,2.0,100.0,-50.0,-50.0,400.0,0.0,-50.0,0.0,0.0,21ac73d60a89497fe434c394f41ad118,1200.0,1250.0,6422d978aff8868105633836
836,30.0,demonstration,750.0,2.0,100.0,-50.0,-50.0,200.0,400.0,0.0,200.0,-50.0,85b4a094c9dad0603bc5f32e73defe19,1200.0,850.0,6422d978aff8868105633836
837,4.0,individual,900.0,1.0,100.0,100.0,-50.0,200.0,200.0,-50.0,200.0,200.0,9bea7eb62b55a08ef612a67888b55126,800.0,1050.0,6422d978aff8868105633837
837,5.0,individual,250.0,1.0,-50.0,0.0,0.0,100.0,0.0,100.0,0.0,100.0,e7381de84427aa5f84385a1a70ff8e2d,400.0,1050.0,6422d978aff8868105633837
837,10.0,try_yourself,550.0,1.0,100.0,-50.0,200.0,100.0,-50.0,200.0,100.0,-50.0,51edc36de506ff346ed262c1081554eb,800.0,1450.0,6422d978aff8868105633837
837,12.0,try_yourself,1250.0,4.0,-50.0,-50.0,-50.0,200.0,200.0,400.0,200.0,400.0,51edc36de506ff346ed262c1081554eb,800.0,1450.0,6422d978aff8868105633837
837,13.0,try_yourself,1150.0,4.0,100.0,-50.0,-50.0,-50.0,200.0,400.0,200.0,400.0,31d35353bbfefdb5c7596273e9615d25,1000.0,1250.0,6422d978aff8868105633837
837,15.0,try_yourself,1000.0,0.0,200.0,200.0,100.0,0.0,200.0,200.0,100.0,0.0,31d35353bbfefdb5c7596273e9615d25,1000.0,1250.0,6422d978aff8868105633837
837,17.0,try_yourself,1100.0,0.0,0.0,200.0,100.0,200.0,100.0,200.0,100.0,200.0,772dadcc013c0b1c9d983020ef5d0b6e,1100.0,1050.0,6422d978aff8868105633837
837,19.0,try_yourself,900.0,2.0,0.0,-50.0,-50.0,400.0,200.0,100.0,200.0,100.0,772dadcc013c0b1c9d983020ef5d0b6e,1100.0,1050.0,6422d978aff8868105633837
837,20.0,try_yourself,1200.0,0.0,200.0,100.0,200.0,100.0,200.0,100.0,200.0,100.0,a8abfb1f3cd12a69ab0a2f01fddbc0f8,1200.0,1450.0,6422d978aff8868105633837
837,22.0,try_yourself,1450.0,4.0,200.0,-50.0,-50.0,-50.0,200.0,400.0,400.0,400.0,a8abfb1f3cd12a69ab0a2f01fddbc0f8,1200.0,1450.0,6422d978aff8868105633837
837,24.0,individual,700.0,2.0,-50.0,-50.0,400.0,0.0,200.0,0.0,200.0,0.0,1fc8bdb24b08c5259812ee6af2e38258,450.0,1250.0,6422d978aff8868105633837
837,25.0,individual,700.0,2.0,-50.0,-50.0,400.0,0.0,200.0,0.0,200.0,0.0,2a156e09cfb8d47f31059e2640a4b467,800.0,1450.0,6422d978aff8868105633837
837,26.0,individual,200.0,2.0,-50.0,0.0,-50.0,0.0,-50.0,-50.0,400.0,0.0,98ce296aabab9bf7a1731a5cebf0ebd3,0.0,1450.0,6422d978aff8868105633837
837,27.0,individual,850.0,1.0,200.0,-50.0,200.0,0.0,0.0,200.0,100.0,200.0,fa7a8ccf19ebcb054284ef969f3140e3,1200.0,1250.0,6422d978aff8868105633837
837,29.0,demonstration,1400.0,0.0,100.0,200.0,200.0,200.0,100.0,200.0,200.0,200.0,f1b3623cd1a9641d5d9a9cc55fd70db5,1400.0,1050.0,6422d978aff8868105633837
837,30.0,demonstration,1050.0,4.0,-50.0,-50.0,-50.0,200.0,200.0,400.0,200.0,200.0,75101ec1a72e04e6b1d6902cd2cc4c21,650.0,1250.0,6422d978aff8868105633837
838,4.0,individual,100.0,2.0,-50.0,-50.0,400.0,-50.0,0.0,-50.0,0.0,-50.0,6a4c27fa58ec558d13439f95d42cabd5,700.0,1450.0,6422d978aff8868105633838
838,5.0,individual,1300.0,2.0,200.0,200.0,-50.0,-50.0,400.0,200.0,200.0,200.0,515eea944e8313daf1472f46c1008452,1400.0,1650.0,6422d978aff8868105633838
838,10.0,try_yourself,650.0,1.0,-50.0,200.0,-50.0,200.0,100.0,-50.0,200.0,100.0,51edc36de506ff346ed262c1081554eb,800.0,1450.0,6422d978aff8868105633838
838,12.0,try_yourself,700.0,4.0,-50.0,200.0,100.0,-50.0,-50.0,-50.0,200.0,400.0,51edc36de506ff346ed262c1081554eb,800.0,1450.0,6422d978aff8868105633838
838,13.0,try_yourself,600.0,1.0,200.0,-50.0,200.0,-50.0,200.0,-50.0,200.0,-50.0,31d35353bbfefdb5c7596273e9615d25,1000.0,1250.0,6422d978aff8868105633838
838,15.0,try_yourself,1250.0,4.0,200.0,-50.0,-50.0,-50.0,200.0,400.0,200.0,400.0,31d35353bbfefdb5c7596273e9615d25,1000.0,1250.0,6422d978aff8868105633838
838,17.0,try_yourself,1050.0,4.0,200.0,200.0,200.0,-50.0,-50.0,-50.0,200.0,400.0,975ea289a849aed45e6c4ac4a9cad8e9,1600.0,1450.0,6422d978aff8868105633838
838,19.0,try_yourself,1250.0,4.0,200.0,-50.0,-50.0,-50.0,200.0,400.0,200.0,400.0,975ea289a849aed45e6c4ac4a9cad8e9,1600.0,1450.0,6422d978aff8868105633838
838,20.0,try_yourself,500.0,1.0,-50.0,200.0,100.0,-50.0,200.0,-50.0,200.0,-50.0,ffac4c7b6e9a1d6afaa0d18b45bd17a4,550.0,1250.0,6422d978aff8868105633838
838,22.0,try_yourself,700.0,4.0,100.0,-50.0,200.0,-50.0,-50.0,-50.0,200.0,400.0,ffac4c7b6e9a1d6afaa0d18b45bd17a4,550.0,1250.0,6422d978aff8868105633838
838,24.0,individual,250.0,2.0,100.0,-50.0,0.0,100.0,100.0,100.0,-50.0,-50.0,24fbb1a696f71d6e0d1b5108480f9264,800.0,1250.0,6422d978aff8868105633838
838,25.0,individual,1200.0,0.0,200.0,200.0,0.0,200.0,200.0,0.0,200.0,200.0,7c0face8fe529e50525e26b60db8f436,1200.0,1250.0,6422d978aff8868105633838
838,26.0,individual,1000.0,2.0,200.0,-50.0,-50.0,400.0,200.0,-50.0,-50.0,400.0,f4c9313397b905f5ade1ab3aadf50f4b,600.0,1450.0,6422d978aff8868105633838
838,27.0,individual,400.0,2.0,100.0,-50.0,-50.0,400.0,0.0,100.0,-50.0,-50.0,467ab64f941ace4e6ed1b7cf94dc3c9c,400.0,1450.0,6422d978aff8868105633838
838,29.0,demonstration,800.0,2.0,-50.0,-50.0,400.0,100.0,-50.0,-50.0,400.0,100.0,08727b82ffbc2c30df6a57dded6f2df5,700.0,1450.0,6422d978aff8868105633838
838,30.0,demonstration,400.0,2.0,0.0,100.0,100.0,-50.0,-50.0,400.0,-50.0,-50.0,0114b2e4a5bb9e1186e67b04d9607f48,800.0,1350.0,6422d978aff8868105633838
83a,4.0,individual,300.0,3.0,-50.0,-50.0,400.0,-50.0,200.0,-50.0,-50.0,-50.0,4ab7472b6a26591dfe51bf3966bed8a0,100.0,1450.0,6422d978aff886810563383a
83a,5.0,individual,600.0,2.0,200.0,100.0,-50.0,-50.0,400.0,100.0,-50.0,-50.0,cb5d7e8650f27a14d59f573111500b5b,900.0,850.0,6422d978aff886810563383a
83a,10.0,try_yourself,1250.0,4.0,-50.0,-50.0,-50.0,200.0,400.0,200.0,400.0,200.0,975ea289a849aed45e6c4ac4a9cad8e9,1600.0,1450.0,6422d978aff886810563383a
83a,12.0,try_yourself,1250.0,4.0,-50.0,-50.0,-50.0,200.0,400.0,200.0,400.0,200.0,975ea289a849aed45e6c4ac4a9cad8e9,1600.0,1450.0,6422d978aff886810563383a
83a,13.0,try_yourself,1250.0,4.0,-50.0,-50.0,-50.0,200.0,400.0,200.0,400.0,200.0,ffac4c7b6e9a1d6afaa0d18b45bd17a4,550.0,1250.0,6422d978aff886810563383a
83a,15.0,try_yourself,1250.0,4.0,-50.0,-50.0,-50.0,200.0,400.0,200.0,400.0,200.0,ffac4c7b6e9a1d6afaa0d18b45bd17a4,550.0,1250.0,6422d978aff886810563383a
83a,17.0,try_yourself,1450.0,4.0,-50.0,-50.0,-50.0,200.0,400.0,400.0,200.0,400.0,975ea289a849aed45e6c4ac4a9cad8e9,1600.0,1450.0,6422d978aff886810563383a
83a,19.0,try_yourself,1450.0,4.0,-50.0,-50.0,-50.0,200.0,400.0,400.0,200.0,400.0,975ea289a849aed45e6c4ac4a9cad8e9,1600.0,1450.0,6422d978aff886810563383a
83a,20.0,try_yourself,1250.0,4.0,-50.0,-50.0,-50.0,200.0,400.0,200.0,400.0,200.0,ffac4c7b6e9a1d6afaa0d18b45bd17a4,550.0,1250.0,6422d978aff886810563383a
83a,22.0,try_yourself,1250.0,4.0,-50.0,-50.0,-50.0,200.0,400.0,200.0,400.0,200.0,ffac4c7b6e9a1d6afaa0d18b45bd17a4,550.0,1250.0,6422d978aff886810563383a
83a,24.0,individual,550.0,2.0,-50.0,-50.0,400.0,0.0,-50.0,-50.0,400.0,-50.0,4202d83950f191cf8bd3cea9d80ccf3a,900.0,1250.0,6422d978aff886810563383a
83a,25.0,individual,1250.0,4.0,-50.0,-50.0,-50.0,200.0,200.0,400.0,200.0,400.0,a80bb106753fd224816dba14d2a8d2de,550.0,1050.0,6422d978aff886810563383a
83a,26.0,individual,850.0,1.0,-50.0,200.0,200.0,-50.0,200.0,200.0,-50.0,200.0,328c686594ae3e8ddfeb86aa3ff37f3b,0.0,1050.0,6422d978aff886810563383a
83a,27.0,individual,1250.0,4.0,-50.0,-50.0,-50.0,200.0,400.0,200.0,400.0,200.0,5debc29265b15de1070aaf71d07462b3,800.0,1250.0,6422d978aff886810563383a
83a,29.0,demonstration,-450.0,1.0,0.0,-50.0,0.0,0.0,-50.0,-50.0,-50.0,-50.0,91c777c0c40bc78973b39b8790604b9a,400.0,850.0,6422d978aff886810563383a
83a,30.0,demonstration,1450.0,4.0,200.0,-50.0,-50.0,-50.0,200.0,400.0,400.0,400.0,037d136f121454bea9906d12fd304981,1300.0,1650.0,6422d978aff886810563383a
83b,4.0,individual,-750.0,1.0,-50.0,-50.0,-50.0,-50.0,-50.0,-50.0,-50.0,-50.0,4e749f7b49d3c2e88b8f5c5c4684d2d9,300.0,1050.0,6422d978aff886810563383b
83b,5.0,individual,600.0,1.0,200.0,200.0,-50.0,0.0,200.0,200.0,-50.0,-50.0,7fff569c6acf1238b50d95d7f48ca82c,1600.0,1450.0,6422d978aff886810563383b
83b,10.0,try_yourself,-350.0,1.0,0.0,-50.0,200.0,-50.0,-50.0,-50.0,-50.0,-50.0,772dadcc013c0b1c9d983020ef5d0b6e,1100.0,1050.0,6422d978aff886810563383b
83b,12.0,try_yourself,1100.0,0.0,0.0,200.0,100.0,200.0,100.0,200.0,100.0,200.0,772dadcc013c0b1c9d983020ef5d0b6e,1100.0,1050.0,6422d978aff886810563383b
83b,13.0,try_yourself,1200.0,0.0,200.0,100.0,200.0,100.0,200.0,100.0,200.0,100.0,a8abfb1f3cd12a69ab0a2f01fddbc0f8,1200.0,1450.0,6422d978aff886810563383b
83b,15.0,try_yourself,1200.0,0.0,200.0,100.0,200.0,100.0,200.0,100.0,200.0,100.0,a8abfb1f3cd12a69ab0a2f01fddbc0f8,1200.0,1450.0,6422d978aff886810563383b
83b,17.0,try_yourself,1050.0,1.0,-50.0,200.0,100.0,200.0,100.0,200.0,100.0,200.0,afab909b9f77314a0a0a0f8405cc5e31,1000.0,1050.0,6422d978aff886810563383b
83b,19.0,try_yourself,700.0,2.0,0.0,-50.0,-50.0,400.0,0.0,100.0,100.0,200.0,afab909b9f77314a0a0a0f8405cc5e31,1000.0,1050.0,6422d978aff886810563383b
83b,20.0,try_yourself,1000.0,0.0,0.0,100.0,200.0,100.0,200.0,100.0,200.0,100.0,6006be3fb9b56d1b365041ce62ebc787,1000.0,1250.0,6422d978aff886810563383b
83b,22.0,try_yourself,1000.0,0.0,0.0,100.0,200.0,100.0,200.0,100.0,200.0,100.0,6006be3fb9b56d1b365041ce62ebc787,1000.0,1250.0,6422d978aff886810563383b
83b,24.0,individual,1300.0,0.0,200.0,200.0,100.0,200.0,100.0,200.0,100.0,200.0,9d7903f67b2fe171f5843d7ad3c9fce6,1300.0,1450.0,6422d978aff886810563383b
83b,25.0,individual,1600.0,0.0,200.0,200.0,200.0,200.0,200.0,200.0,200.0,200.0,51ecc335738554e1e1ffafa610ffeaca,1600.0,1450.0,6422d978aff886810563383b
83b,26.0,individual,1200.0,0.0,200.0,100.0,200.0,100.0,200.0,100.0,200.0,100.0,4a0f2799f32f05bd886ba8824e85c9ca,1200.0,1050.0,6422d978aff886810563383b
83b,27.0,individual,1100.0,0.0,100.0,100.0,200.0,100.0,200.0,100.0,200.0,100.0,886ed8fb1ee7c16b3d884dd1cffc464b,1100.0,1050.0,6422d978aff886810563383b
83b,29.0,demonstration,50.0,1.0,200.0,200.0,0.0,-50.0,0.0,-50.0,-50.0,-50.0,ef0539bf40f5326e312416bfbadcce04,400.0,850.0,6422d978aff886810563383b
83b,30.0,demonstration,-400.0,1.0,-50.0,0.0,100.0,-50.0,-50.0,-50.0,-50.0,-50.0,1bd38117a1efad6989848defe7b04613,-200.0,1450.0,6422d978aff886810563383b
83c,4.0,individual,-800.0,0.0,-50.0,-50.0,-50.0,-50.0,-50.0,-50.0,-50.0,-50.0,70a8b9fb604c3854ad6558966854ec24,200.0,1250.0,6422d978aff886810563383c
83c,5.0,individual,-250.0,1.0,-50.0,200.0,100.0,-50.0,-50.0,-50.0,-50.0,-50.0,aee075bb502f66a59de3d50d93a74501,550.0,1650.0,6422d978aff886810563383c
83c,10.0,try_yourself,1600.0,0.0,200.0,200.0,200.0,200.0,200.0,200.0,200.0,200.0,975ea289a849aed45e6c4ac4a9cad8e9,1600.0,1450.0,6422d978aff886810563383c
83c,12.0,try_yourself,900.0,2.0,-50.0,-50.0,400.0,100.0,200.0,-50.0,-50.0,400.0,975ea289a849aed45e6c4ac4a9cad8e9,1600.0,1450.0,6422d978aff886810563383c
83c,13.0,try_yourself,600.0,1.0,-50.0,200.0,-50.0,200.0,-50.0,200.0,-50.0,200.0,ffac4c7b6e9a1d6afaa0d18b45bd17a4,550.0,1250.0,6422d978aff886810563383c
83c,15.0,try_yourself,1250.0,4.0,-50.0,-50.0,-50.0,200.0,400.0,200.0,400.0,200.0,ffac4c7b6e9a1d6afaa0d18b45bd17a4,550.0,1250.0,6422d978aff886810563383c
83c,17.0,try_yourself,1450.0,4.0,-50.0,-50.0,-50.0,200.0,400.0,400.0,400.0,200.0,e3108a52b2badae980afc815b7277eb8,0.0,1450.0,6422d978aff886810563383c
83c,19.0,try_yourself,0.0,0.0,0.0,0.0,0.0,0.0,0.0,0.0,0.0,0.0,e3108a52b2badae980afc815b7277eb8,0.0,1450.0,6422d978aff886810563383c
83c,20.0,try_yourself,900.0,2.0,-50.0,-50.0,400.0,0.0,200.0,100.0,200.0,100.0,dfae8f381c69dc91a7c5beea75e45a89,1200.0,1050.0,6422d978aff886810563383c
83c,22.0,try_yourself,1200.0,0.0,200.0,100.0,200.0,100.0,200.0,100.0,200.0,100.0,dfae8f381c69dc91a7c5beea75e45a89,1200.0,1050.0,6422d978aff886810563383c
83c,24.0,individual,1400.0,0.0,0.0,200.0,200.0,200.0,200.0,200.0,200.0,200.0,be0a0a73fe40cff1b154ba8e05e59111,1400.0,1650.0,6422d978aff886810563383c
83c,25.0,individual,100.0,2.0,0.0,0.0,0.0,-50.0,-50.0,400.0,-50.0,-50.0,a2c663a5e2c6b59d546691602456bfce,0.0,1250.0,6422d978aff886810563383c
83c,26.0,individual,1050.0,1.0,200.0,-50.0,200.0,200.0,100.0,100.0,200.0,100.0,35f070abfb64c2499229d1ee32cf54b6,1100.0,1450.0,6422d978aff886810563383c
83c,27.0,individual,350.0,1.0,-50.0,200.0,0.0,100.0,-50.0,200.0,-50.0,0.0,8873dfa1b3059e8c7bbb2a75f76b3b83,350.0,1250.0,6422d978aff886810563383c
83c,29.0,demonstration,1000.0,2.0,200.0,-50.0,-50.0,400.0,200.0,-50.0,-50.0,400.0,59bc73ae47a896adda8a3eeec20e03fb,650.0,850.0,6422d978aff886810563383c
83c,30.0,demonstration,350.0,2.0,-50.0,0.0,0.0,100.0,-50.0,-50.0,400.0,0.0,04fc6cbee3837127477c7577f39b61d5,300.0,1450.0,6422d978aff886810563383c
